vz,cm,er,ee,ex
50.0,1.5790758751838117,16.623710303522248,8.313368910206062,0.0
50.0,0.4285948672275709,1.4912576414859628,6.7694718957530595,0.0
50.0,0.20453926358303506,0.3436812110633913,6.690907017269365,0.0
50.0,0.21950899328061146,0.3956189990204276,6.694423339410671,0.0
50.0,1.475788904003715,14.923153811594723,8.48452360269475,0.0
50.0,0.29934115459865474,0.733169795752256,6.717366772910081,0.0
50.0,0.5156873978780654,2.1440959297553226,6.8149951180208586,0.0
50.0,1.1053370818834956,9.087199545800935,7.339946559535124,0.0
50.0,0.6914951322058608,3.7872191016103027,6.932328569777489,0.0
50.0,1.796529914135879,20.17739458826669,8.369742615067919,0.0
50.0,0.4032693924086493,1.3225555889869662,6.7578068091559675,0.0
50.0,2.698197092858775,31.380100172703948,9.75180287096043,0.0
50.0,1.7740470058097142,19.815216172679946,8.33156854396654,0.0
50.0,1.0273936055273274,7.9624701684478385,7.249486839016582,0.0
50.0,1.801688125763797,20.260232058162472,8.378522997533139,0.0
50.0,0.4263566822209741,1.4759592387442466,6.768412410950096,0.0
50.0,0.8528533265498615,5.641314678834872,7.06967511897104,0.0
50.0,0.3725383772242486,1.1309163241475222,6.744604381764654,0.0
50.0,1.4463737062010422,14.44111277228164,7.8034556222074425,0.0
50.0,1.4382000269738524,14.307463255223245,7.791173758099541,0.0
50.0,1.1972410930761082,10.470566018799863,7.454352107585038,0.0
50.0,2.8952401056651946,32.47663487590362,9.912007835508861,0.0
50.0,0.0979728238660437,0.07906438282835757,6.673048976685079,0.0
50.0,1.1179180284694994,9.273138174045995,7.355119133776767,0.0
50.0,2.4828393279464955,29.5245613025405,9.492188712951243,0.0
50.0,1.4662878315359118,14.76728706357376,7.833592949344208,0.0
50.0,0.3707128087005069,1.119986632825889,6.74385296737225,0.0
50.0,0.453560029435957,1.6669733536296234,6.781664844504311,0.0
50.0,2.5552323023508547,30.220389870631486,9.587908013607038,0.0
50.0,0.40000053148709924,1.3014870064358026,6.756352822401836,0.0
50.0,0.9875075138609732,7.406515274806401,7.205590988443614,0.0
50.0,0.5655901851099261,2.567511933001856,6.844849201385559,0.0
50.0,0.16765471363324486,0.23116979115709935,6.6833023581992155,0.0
50.0,1.993457307056841,23.25007083748035,8.70824893448328,0.0
50.0,0.9666643962135741,7.1216833735322504,7.183307164829232,0.0
50.0,0.9302618946375785,6.634055339651088,7.145475861921772,0.0
50.0,1.7212139935441944,18.95783102985164,8.242572127338844,0.0
50.0,1.6632064022996802,18.008621585385693,8.173982735328517,0.0
50.0,1.4956221021248948,15.24895940230498,8.451732480521658,0.0
50.0,0.12834831314514025,0.1356129330907133,6.676857221997741,0.0
50.0,1.782016708147271,19.943802485222175,8.345081773375423,0.0
50.0,0.14535471572012157,0.17386434099271686,6.679435717200212,0.0
50.0,2.9974715050594556,32.80347958156427,9.960783549244345,0.0
50.0,0.5189852256807981,2.17098648455612,6.816883362458358,0.0
50.0,1.0839829875819773,8.774295955274738,7.314554474588038,0.0
50.0,2.3364228402687215,27.91265413373868,9.277627912637946,0.0
50.0,1.3286257230685274,12.533401063027375,7.631732069675671,0.0
50.0,0.022918908709058675,0.004329980173983399,6.668022669968164,0.0
50.0,1.4922781853915958,15.193990292323438,8.45726491720333,0.0
50.0,1.3570578942048948,12.99002603963056,7.672143716293489,0.0
50.0,0.07395205449891559,0.04506294815773122,6.670761250774222,0.0
50.0,2.7195701325824286,31.527862172753736,9.773088502752593,0.0
50.0,0.12124745775815687,0.12104036408978414,6.675875420992261,0.0
50.0,1.028859301913931,7.983163655375815,7.251131035576664,0.0
50.0,2.6143165926040446,30.73513328296527,9.659968536133801,0.0
50.0,1.2011656241584574,10.530854451904906,7.459419166463972,0.0
50.0,0.42843616713338634,1.4901704220550402,6.769396589854916,0.0
50.0,0.2275336056692713,0.42494591948650107,6.696410480669107,0.0
50.0,1.6179814261960552,17.26486702431662,8.248838868478357,0.0
50.0,0.6570191102833008,3.432366522713895,6.906648187875637,0.0
50.0,2.781464432461273,31.91678343635558,9.829560697639426,0.0
50.0,0.7965291789751013,4.959477919853846,7.018538314930097,0.0
50.0,2.1569993015692264,25.607958801742324,8.987171777167063,0.0
50.0,1.1086973831158229,9.136749298187125,7.343983693207432,0.0
50.0,1.1600323168952105,9.903700954066135,7.407043352352993,0.0
50.0,1.6895379660468648,18.440325770911794,8.189769414355016,0.0
50.0,0.5875782216274447,2.7651413381060546,6.858873310050437,0.0
50.0,0.4119170145474049,1.3790723124307405,6.761710238681265,0.0
50.0,2.950497867022488,32.67429203019529,9.941447362755264,0.0
50.0,1.9882269325273447,23.171332989908688,8.699233173602648,0.0
50.0,0.7241818826993861,4.137601100200998,6.957873486494136,0.0
50.0,1.0711741549189309,8.588285307954985,7.299542826227654,0.0
50.0,1.4605562953452673,14.673334394452958,7.824888219345291,0.0
50.0,2.791048282709144,31.97175611649955,9.837595533734206,0.0
50.0,2.650964735552635,31.02953311224337,9.701671495012683,0.0
50.0,2.408754008068233,28.741788723669224,9.386768206051201,0.0
50.0,1.3497002265873048,12.871574770388689,7.661619637889623,0.0
50.0,0.27528464129678576,0.6207784750418248,6.709710055318079,0.0
50.0,0.49274145923869034,1.9613287700648991,6.802188942736948,0.0
50.0,2.4246609904298095,28.9156793619769,9.409984250735631,0.0
50.0,2.8215264250418137,32.13710090045809,9.861841781098974,0.0
50.0,1.2758128508850273,11.69397833434338,7.558542542726319,0.0
50.0,0.45002583012989056,1.641534298959158,6.779896904916928,0.0
50.0,0.031201997074787925,0.008025028763405957,6.668271004721904,0.0
50.0,1.8001641381531381,20.235768173723294,8.375928024443631,0.0
50.0,2.4810071750955625,29.506048725459454,9.489668186206881,0.0
50.0,0.4007061930990526,1.3060214367060181,6.756665700036291,0.0
50.0,2.14158317998111,25.39514883051659,8.96126630940076,0.0
50.0,0.9069620028661086,6.328755135227634,7.121992147998329,0.0
50.0,1.3441350580194733,12.78211065471576,7.6536901092109995,0.0
50.0,0.5880504122836513,2.769458517208348,6.859180305618306,0.0
50.0,2.109657875916854,24.94776629701631,8.90729026523088,0.0
50.0,0.1105684136806531,0.10067849396860266,6.674504059572803,0.0
50.0,0.9504863226105014,6.903399944602433,7.166322827283538,0.0
50.0,2.578820905997573,30.431746191824914,9.617365947318751,0.0
50.0,2.817856860442433,32.11796022249698,9.85902886664716,0.0
50.0,1.5379948197042985,15.946497043238962,8.381527908665245,0.0
50.0,1.3293414162781563,12.544857534689635,7.632740768586724,0.0
50.0,0.9094894208557616,6.361608365149691,7.124511806673744,0.0
50.0,0.6105077730575097,2.978297796962914,6.874063803290669,0.0
50.0,2.0524022638190105,24.124128799979566,8.809601411514135,0.0
50.0,0.33346793107820794,0.9082323558400406,6.729327871357117,0.0
50.0,0.20737200951029897,0.35323231464682947,6.6915533743864,0.0
50.0,1.2259954135982831,10.914376299415489,7.491815003433298,0.0
50.0,2.9213016093957576,32.57597894154795,9.926782550565255,0.0
50.0,2.8401060600180297,32.23077349301618,9.875631088972943,0.0
50.0,0.6286813414475848,3.152292866298556,6.886513447473493,0.0
50.0,0.27147807698964055,0.6038340967195559,6.70855722454492,0.0
50.0,1.5351174745571559,15.89908548558801,8.386299705785039,0.0
50.0,2.7764985377947147,31.887741479464594,9.82532120601691,0.0
50.0,0.8175527445352402,5.209817324343583,7.037227247823415,0.0
50.0,1.7697934593795073,19.74650074648954,8.324365116693912,0.0
50.0,1.6541140270668593,17.859292519964686,8.189012150930745,0.0
50.0,1.9366940074810903,22.386124419305318,8.610334948861048,0.0
50.0,0.9637436464145892,7.082092027373713,7.180220641703362,0.0
50.0,0.08316569083701686,0.05698428660829412,6.671563178183176,0.0
50.0,1.2034640443531843,10.566205314234951,7.46239350371124,0.0
50.0,2.401529451764824,28.661785300725477,9.376125425440275,0.0
50.0,0.2525896528361546,0.5231640311127914,6.703074169537887,0.0
50.0,2.612575965510384,30.720671372803746,9.65792918303613,0.0
50.0,0.9640580434530122,7.08634989451774,7.180552455770963,0.0
50.0,1.6976840898921899,18.573620585589527,8.203305117892155,0.0
50.0,1.6991278476425264,18.597230565790404,8.205707308967922,0.0
50.0,0.6458739870068309,3.32095143875101,6.8986243736698,0.0
50.0,1.09790402204991,8.977892053630566,7.33105625946352,0.0
50.0,0.11547694565628461,0.10980572022993194,6.67511870386155,0.0
50.0,0.0865607049419998,0.061728742418236164,6.6718823829952045,0.0
50.0,0.547423648973747,2.409303051100624,6.83366370176205,0.0
50.0,1.9001823274940506,21.820191249820436,8.547380666124903,0.0
50.0,2.4730617101986523,29.425260660333667,9.478684368029311,0.0
50.0,1.6575239122042653,17.91530889026925,8.183374311388887,0.0
50.0,1.506719763283018,15.43148457207996,8.433362000356643,0.0
50.0,0.2235017888230506,0.41008174922480206,6.695403162862891,0.0
50.0,2.3025944977771178,27.504096056029127,9.224776857644889,0.0
50.0,2.7191451336306764,31.52499068431627,9.772673969520163,0.0
50.0,1.5408809272208002,15.994057479796277,8.376741127436695,0.0
50.0,2.637374467341053,30.92261826902524,9.686484990713078,0.0
50.0,2.096202749051191,24.756604582825027,8.884424651171685,0.0
50.0,0.10779457306385694,0.09569522585695267,6.6741685248552125,0.0
50.0,0.41291819953659453,1.3856886337616512,6.762167501730822,0.0
50.0,0.1820814624550679,0.27255133404806364,6.686097330588706,0.0
50.0,1.8699742536248745,21.34655757340749,8.495397067401042,0.0
50.0,2.225768836961564,26.530179286522735,9.101187011688603,0.0
50.0,0.1164377190423724,0.11163842499856294,6.675242135236249,0.0
50.0,1.284707328177257,11.834477107505926,7.5706946995600015,0.0
50.0,0.7763556046771625,4.724048591433727,7.001052831943643,0.0
50.0,1.4124000834403005,13.88660037949025,7.752749428834354,0.0
50.0,2.14055888971088,25.380933577565408,8.95954119942781,0.0
50.0,2.331686559509444,27.85622875744512,9.27029271362485,0.0
50.0,1.849103389248562,21.016706237054663,8.45956622129664,0.0
50.0,1.4859560876633469,15.090104246344087,8.467720661742131,0.0
50.0,2.4141687183096887,28.801331130176578,9.39470477243508,0.0
50.0,2.615915604210709,30.7483805464035,9.661837361182537,0.0
50.0,2.896285273184913,32.480828453283806,9.912630626411778,0.0
50.0,2.863579415561976,32.34134458670128,9.891957688972376,0.0
50.0,1.3134430840459417,12.290851190043611,7.610438870936406,0.0
50.0,1.1337070719976146,9.508102633607018,7.374382162282916,0.0
50.0,0.8689005429974341,5.841969073040364,7.084866134914577,0.0
50.0,1.2064409519259898,10.612038119611306,7.4662532996593844,0.0
50.0,0.0980475944771197,0.07918501239347926,6.673057095823669,0.0
50.0,2.5012641313449064,29.708287268298644,9.51727616835537,0.0
50.0,0.6107639432490521,2.98071952089165,6.874236772865386,0.0
50.0,1.6845034705861377,18.35788108588191,8.181419730151179,0.0
50.0,2.9075311282170473,32.52484448015568,9.919172199988406,0.0
50.0,2.467941682117021,29.372768060849538,9.471561174405473,0.0
50.0,0.016586406341347306,0.0022678362541383636,6.667884086597451,0.0
50.0,2.9763004214003503,32.74969505861554,9.952724202661631,0.0
50.0,1.2391133580525489,11.118398645496331,7.509163561544675,0.0
50.0,1.6719439189132717,18.152004255171057,8.160643459625792,0.0
50.0,0.5219827338554599,2.1955633104514205,6.818610053157597,0.0
50.0,1.8639237705108476,21.251144882973364,8.485001485933191,0.0
50.0,2.3117004781049446,27.615332197947204,9.239106613953645,0.0
50.0,2.2642936438637196,27.026330953830247,9.163731912467934,0.0
50.0,0.7680841561458082,4.628897662924812,6.994010609947273,0.0
50.0,2.6868056578337556,31.298562176054993,9.740096689346094,0.0
50.0,0.7171843594380127,4.061469075081535,6.952307016253626,0.0
50.0,1.0250923023882215,7.930016105180516,7.246909709567288,0.0
50.0,0.09909625949859924,0.08088651855974516,6.673171620138268,0.0
50.0,1.7501007284455472,19.427618674483067,8.291099132956882,0.0
50.0,7.658401299750217e-05,4.834964511868066e-08,6.667731689873662,0.0
50.0,0.5742388858015255,2.6444491336108253,6.850301969386699,0.0
50.0,1.0447009433260301,8.207980940662326,7.269042028887318,0.0
50.0,2.0895057855930834,24.660898298438084,8.873020884909046,0.0
50.0,0.4070615064644646,1.3471996710474734,6.759508342898429,0.0
50.0,2.24237982508902,26.745979423977392,9.128285559127423,0.0
50.0,0.3751315146029892,1.146529425224126,6.745678070265489,0.0
50.0,0.360926034097826,1.0622672627757654,6.739887545797578,0.0
50.0,2.5379444868114653,30.06063029829442,9.565760891095099,0.0
50.0,1.0209968632202413,7.872372487284942,7.242336829203437,0.0
50.0,0.6382590905186206,3.245766767390109,6.893220303222586,0.0
50.0,1.4535355163796249,14.558329673045868,7.8142593107940215,0.0
50.0,1.0388157325410876,8.124215156329333,7.262358150472679,0.0
50.0,1.909868077341152,21.971044875954966,8.564071426416241,0.0
50.0,1.535381367584658,15.903433595538807,8.385862084673871,0.0
50.0,1.466711360198094,14.774231923118183,7.8342371604706145,0.0
50.0,1.7821591668927437,19.94609899766889,8.345323513987127,0.0
50.0,0.38944007230733035,1.2345323695000283,6.75173629422381,0.0
50.0,1.6648334257229955,18.035330172486745,8.171294615273089,0.0
50.0,1.6167054610365434,17.243852712000038,8.250953880934208,0.0
50.0,0.862265028149427,5.758663229000807,7.078551350275685,0.0
50.0,2.569579488131658,30.349860128823103,9.60593156628872,0.0
50.0,0.16446808014544598,0.22248519196547026,6.682716083788512,0.0
50.0,2.6327172313683525,30.885365341628113,9.681204636517744,0.0
50.0,0.31569767009866745,0.8147977189331453,6.722938681694039,0.0
50.0,2.460367356006257,29.294493930767665,9.460959315203311,0.0
50.0,1.2824412396968747,11.798646178915181,7.567591865592187,0.0
50.0,2.136133337651064,25.319408044824794,8.952082342769787,0.0
50.0,1.5093224938697434,15.47431178942596,8.429051600055487,0.0
50.0,2.4021619043708333,28.668814405558408,9.377059533547094,0.0
50.0,1.3743787733723227,13.269611284567832,7.697099148586226,0.0
50.0,1.8819358020516,21.5346575970911,8.515966082387568,0.0
50.0,2.377012376024437,28.38557558270386,9.33956627373136,0.0
50.0,1.6275755927991096,17.422833746387088,8.232940104827678,0.0
50.0,1.7613750246258866,19.610329502568344,8.310127043286268,0.0
50.0,1.0797448039985715,8.712607212514406,7.30956915945195,0.0
50.0,2.7075968404932236,31.44592720154765,9.761274020867305,0.0
50.0,1.5778630657349169,16.603715055081224,8.315381357669365,0.0
50.0,1.959576379481777,22.73684184477225,8.649816236729546,0.0
50.0,1.136984423437269,9.55709449438474,7.378411368348064,0.0
50.0,0.9243230053073455,6.555723067515593,7.139435780249709,0.0
50.0,0.8847504342840437,6.042847198803675,7.100139622799491,0.0
50.0,2.931690763070773,32.61253879778885,9.932230923606827,0.0
50.0,2.523202191700214,29.92118782998862,9.54651374141358,0.0
50.0,1.1224572285922192,9.340506601470862,7.360631883282221,0.0
50.0,1.2190726744008547,10.807091837900801,7.48272444292607,0.0
50.0,0.4919826922395586,1.9554152091748767,6.801775393627624,0.0
50.0,2.670807235677951,31.180805496192328,9.72324020993262,0.0
50.0,0.19706752245754028,0.3191105771724568,6.6892448088229015,0.0
50.0,1.452908861682293,14.548069218003093,7.813312427028985,0.0
50.0,0.9703710181153831,7.172042361819974,7.187236964728514,0.0
50.0,1.94358308709969,22.492046500413235,8.622220866972341,0.0
50.0,0.3367032068981133,0.9257734220552929,6.730528707903799,0.0
50.0,0.20830267184900217,0.35639846528754376,6.691767666611221,0.0
50.0,0.4466142190217409,1.6171535211135324,6.778203377305067,0.0
50.0,1.280414022668468,11.766612634837475,7.564820024485818,0.0
50.0,1.7085867838413136,18.751802870197906,8.221469049314408,0.0
50.0,1.996395669350247,23.294223799599138,8.713312786709063,0.0
50.0,1.405235291655038,13.770019509768177,7.742172662004537,0.0
50.0,2.0596064982707514,24.229196698143685,8.821943754967094,0.0
50.0,0.5501917407153972,2.4331110871215746,6.835344612406883,0.0
50.0,2.635690358945093,30.909183292893708,9.684580008436116,0.0
50.0,1.6275678062437975,17.42270557470633,8.23295300483138,0.0
50.0,2.921403713400749,32.576346705666346,9.926837327257948,0.0
50.0,0.01758343657017639,0.002548668653629124,6.667902959189916,0.0
50.0,2.568251657411506,30.337997088352207,9.604277293104435,0.0
50.0,2.492640675458697,29.622852008623592,9.505593660010337,0.0
50.0,1.3569323389318757,12.988003116237142,7.671963742302649,0.0
50.0,0.7994789360993309,4.994297567968312,7.021131808754804,0.0
50.0,0.4932958302643928,1.9656546285911913,6.802491491965221,0.0
50.0,0.21021156557442788,0.36293631315632896,6.692210206352728,0.0
50.0,2.073845285648065,24.435670729183393,8.846299330173066,0.0
50.0,0.7195797662156354,4.087462446057362,6.954206546320015,0.0
50.0,1.4499953161361734,14.500374696704517,7.808913959789693,0.0
50.0,1.75463706074177,19.501180552078807,8.298749541191608,0.0
50.0,1.6330418137559415,17.51279679350685,8.223885658393344,0.0
50.0,0.8568510093206564,5.6910424853530515,7.0734338053697785,0.0
50.0,2.5583646131559696,30.248898258331362,9.59187085670094,0.0
50.0,1.7677163744010627,19.712924233931606,8.320849824501646,0.0
50.0,0.4689361408402104,1.7798005533977084,6.789517129610235,0.0
50.0,1.0606087834425562,8.43582834015502,7.2872849359709955,0.0
50.0,2.5937754461283915,30.561729070716616,9.635572463610762,0.0
50.0,1.957731437610904,22.708683313315923,8.646632985269669,0.0
50.0,2.05330241080107,24.137278491513502,8.811144216995862,0.0
50.0,1.9250897781463452,22.207074858564344,8.59031746168317,0.0
50.0,1.2723378660129931,11.6391892466683,7.553814237865258,0.0
50.0,1.5873863163493636,16.76071526567523,8.299579869807895,0.0
50.0,2.7642037633232186,31.814205581240248,9.814602905470434,0.0
50.0,1.8110159031692274,20.40977358366821,8.39442043146312,0.0
50.0,2.719168058369983,31.52514564371112,9.772696338839289,0.0
50.0,1.4010752215676898,13.702393155536955,7.736050495139869,0.0
50.0,2.6865214486423,31.296503235267675,9.739801456775314,0.0
50.0,0.5856509614886027,2.747552381987278,6.85762283946199,0.0
50.0,0.9195825983921299,6.493449692805076,7.134641256514175,0.0
50.0,2.717169348958545,31.511605717062427,9.770742155493519,0.0
50.0,1.2362292349541955,11.073461651053641,7.505335554408318,0.0
50.0,0.7635516432158392,4.577101402409501,6.990183065152848,0.0
50.0,0.6946224297018606,3.8201606781685884,6.934722214150909,0.0
50.0,0.5286600746926549,2.2507727082971347,6.822492083668468,0.0
50.0,2.674951259565842,31.21166979403535,9.727652687512538,0.0
50.0,2.892744556297963,32.46655122668129,9.910510626481935,0.0
50.0,1.0526941462315,8.322209004349437,7.278176420197964,0.0
50.0,0.7679649605040955,4.627532405559506,6.993909668884552,0.0
50.0,0.6220345867156902,3.088142466681651,6.88191813225963,0.0
50.0,2.7027315946253867,31.412020216031213,9.756393209542276,0.0
50.0,1.779267739785402,19.899473938719442,8.340418305816668,0.0
50.0,0.43466155799807715,1.5331021294965204,6.772371514249297,0.0
50.0,2.077313829419453,24.48572494687534,8.852223967097512,0.0
50.0,2.123309376344394,25.14015241301903,8.93042147393745,0.0
50.0,3.018848726783424,32.85036764573795,9.96782015206715,0.0
50.0,1.7854911372061077,19.999792050595964,8.350979466184219,0.0
50.0,0.4283740737318869,1.4897451366238441,6.769367133054551,0.0
50.0,1.7312833938615806,19.121844715002435,8.259449349850069,0.0
50.0,2.299802006231283,27.469800296626424,9.220367741135062,0.0
50.0,2.518903337825612,29.879975226393373,9.540840013484278,0.0
50.0,2.9722481069267124,32.73856838646955,9.951058553303087,0.0
50.0,1.7838950441147343,19.974076629541372,8.348269682867205,0.0
50.0,0.9651348407985645,7.100939958873128,7.181689686906894,0.0
50.0,1.5431634958016245,16.031675070203963,8.372955056730424,0.0
50.0,1.5126456855771706,15.52900393126649,8.423547039188033,0.0
50.0,2.886806152467456,32.44215615803444,9.906890343897299,0.0
50.0,1.3475082785599715,12.836324097620658,7.658493282302948,0.0
50.0,2.412406219205317,28.78198950534501,9.392125204293881,0.0
50.0,1.8045495817706696,20.306142000101925,8.383397174472307,0.0
50.0,0.8515022855814052,5.624548015586651,7.0684087076310735,0.0
50.0,1.2448870013575768,11.208490535075176,7.516849911926146,0.0
50.0,0.8245650474641667,5.2944307885828445,7.043566539180382,0.0
50.0,0.4359178030385342,1.5418358091612452,6.772977028926885,0.0
50.0,0.7442271636797406,4.359025090227496,6.9741139072113105,0.0
50.0,1.303152039406153,12.12699348472506,7.596121097386093,0.0
50.0,2.172433263772931,25.81884370181756,9.012991079754942,0.0
50.0,1.5622641827967152,16.346535746894403,8.341265499487728,0.0
50.0,1.4582347543476077,14.635295938066898,7.821369449457342,0.0
50.0,2.25735821946264,26.938144569364724,9.152552391999896,0.0
50.0,0.9413591148538374,6.7813537689391765,7.156861540690602,0.0
50.0,1.9438782674968151,22.496578674083413,8.622730171482564,0.0
50.0,0.1059888321554332,0.09251894371862186,6.673954676195362,0.0
50.0,0.42746666732631816,1.483536794980836,6.768937150141912,0.0
50.0,0.9865293942407423,7.393059578599022,7.204535171116567,0.0
50.0,2.7569067402477074,31.769465279731634,9.808093171193953,0.0
50.0,1.7133362563613004,18.829340377874534,8.229398377425284,0.0
50.0,0.1191546221529456,0.11690280699760443,6.675596713043889,0.0
50.0,1.4120573059041617,13.881019836263418,7.7522424771018095,0.0
50.0,2.207587865139483,26.29080874392021,9.071316264221684,0.0
50.0,2.8337772392757414,32.19947432108995,9.871019328451201,0.0
50.0,2.926898679162583,32.595891276188176,9.929749266828551,0.0
50.0,2.103572477690261,24.861496553526866,8.896956641950181,0.0
50.0,1.6880209084129412,18.415487614845834,8.18725210709492,0.0
50.0,0.8291161361766561,5.349640959120922,7.0477090792509065,0.0
50.0,2.6132480145022026,30.726260170274834,9.658717187862333,0.0
50.0,2.6804632747645485,31.252330823354814,9.733471860148919,0.0
50.0,2.710444601011245,31.465609649703225,9.764109492460241,0.0
50.0,1.8494988531093997,21.02297509581219,8.460244372483462,0.0
50.0,2.633690798832416,30.893178689437015,9.682311649346644,0.0
50.0,0.4858011434494928,1.9075504320299015,6.798429947861168,0.0
50.0,0.8809744869431729,5.994751673255801,7.0964767537936275,0.0
50.0,2.116088876973378,25.0385949120813,8.918195935081124,0.0
50.0,2.4834820913334408,29.531045594220465,9.49307187971008,0.0
50.0,2.2993032203853256,27.463665476080532,9.21957948336956,0.0
50.0,1.0509530195380727,8.297282479140094,7.276181181479741,0.0
50.0,2.8010421127711456,32.027565542369295,9.845766117218144,0.0
50.0,1.2981291923508158,12.04718452897552,7.589166937793818,0.0
50.0,2.457331039686755,29.262909659228384,9.456688093212694,0.0
50.0,2.225573228373875,26.527621429954287,9.10086678020867,0.0
50.0,0.6821091529425477,3.689098410042231,6.9252085756335475,0.0
50.0,1.5700030245319736,16.474125913603196,8.328424023269983,0.0
50.0,1.6752970633557833,18.20699621398954,8.166182693819415,0.0
50.0,0.5534859998667082,2.461584949640366,6.83735602901872,0.0
50.0,2.6004946871168753,30.61910870674117,9.64363149703052,0.0
50.0,2.05952266155786,24.227976308123893,8.821800197036815,0.0
50.0,2.177230918159149,25.883946833184147,9.020991856447706,0.0
50.0,0.5971643133705169,2.8533838377207172,6.865153718481462,0.0
50.0,2.877631174145756,32.40335930430987,9.901138249202734,0.0
50.0,2.8193657752420993,32.125856310951974,9.860189081511681,0.0
50.0,0.5532775604496942,2.4597787938095554,6.83722840555139,0.0
50.0,0.3150892013961044,0.811685903648986,6.722726100218939,0.0
50.0,0.7084678730040749,3.967486386325657,6.945447648470475,0.0
50.0,2.7360049983233314,31.63681493429424,9.788843142708137,0.0
50.0,2.190941803998199,26.06880319468244,9.043787195971724,0.0
50.0,1.2906519169860355,11.928584806756318,7.57885622984554,0.0
50.0,0.7927963591713175,4.915558627036894,7.015269777749346,0.0
50.0,1.8398288936104144,20.869486731582313,8.443671540197355,0.0
50.0,2.237719446821995,26.685717665330042,9.12070211781146,0.0
50.0,0.03494313667841199,0.010064602611608499,6.6684080871805165,0.0
50.0,2.850485611287661,32.28073981448705,9.883002288567337,0.0
50.0,1.0028519177368285,7.618732503341548,7.222283890288281,0.0
50.0,0.6370340926503225,3.233743494475508,6.892356888081955,0.0
50.0,1.498697040144634,15.299519129388923,8.446643831845448,0.0
50.0,0.6088674223978358,2.9628116398001287,6.872957923439265,0.0
50.0,2.7154002017505863,31.499570844389563,9.769005848713025,0.0
50.0,0.3582702194613017,1.0468587192254553,6.738829740436866,0.0
50.0,0.33741089426293475,0.9296320894421316,6.730792924317877,0.0
50.0,0.3767494382169429,1.1563230975924828,6.746351740256911,0.0
50.0,0.4330538863356258,1.5219596860522637,6.771599154747116,0.0
50.0,1.6059945267049376,17.067405375535074,8.268712649758658,0.0
50.0,2.0622304528474937,24.267365399680855,8.826436006715966,0.0
50.0,2.5186136668064045,29.8771892754844,9.540456715727574,0.0
50.0,2.0363864738636708,23.889139500365335,8.782121784065566,0.0
50.0,1.0966278427709446,8.959166654697265,7.329535427895358,0.0
50.0,1.1498296264526384,9.749825128558436,7.3943048118942265,0.0
50.0,1.8482760185717064,21.00358853880266,8.45814752960266,0.0
50.0,2.989997805099087,32.7853268102193,9.958061986792558,0.0
50.0,2.5126526194267584,29.819608960153072,9.532541569340713,0.0
50.0,1.925415781343403,22.21211561216368,8.590879737443188,0.0
50.0,0.9243709720653769,6.556354336053124,7.139484415586201,0.0
50.0,2.291932801045753,27.372695448600332,9.207906620483744,0.0
50.0,2.152008474873833,25.539298386016394,8.978797358277184,0.0
50.0,1.8921671462867022,21.6949774722161,8.53357608388907,0.0
50.0,0.4729303599069593,1.8096794657028248,6.791599618947287,0.0
50.0,1.7275417130510338,19.060929296278015,8.253173011952137,0.0
50.0,0.09712046876259493,0.07769573731668059,6.672956859502584,0.0
50.0,0.7523545098411263,4.4501948341189355,6.980822839780405,0.0
50.0,2.486663344694778,29.563059154410706,9.497434567081685,0.0
50.0,2.5745971209163616,30.394467556634975,9.612157071023136,0.0
50.0,0.9629863903811637,7.071840354699094,7.179421858299332,0.0
50.0,1.2582628525178592,11.417878193069043,7.534775123587243,0.0
50.0,1.7423118450437147,19.301172622309593,8.277981699085592,0.0
50.0,2.050871071444542,24.10174634606814,8.806976601708463,0.0
50.0,2.12029427995811,25.09779914516411,8.925318895821421,0.0
50.0,1.878101511029291,21.474439228354385,8.509370284015674,0.0
50.0,2.3499003799651157,28.071811356575928,9.298380758882354,0.0
50.0,1.990638169394206,23.20765450105279,8.703389793902492,0.0
50.0,1.9891580581765058,23.18536355861334,8.700838355990792,0.0
50.0,2.460212223083234,29.292883071830023,9.460741381250592,0.0
50.0,0.6929831378872824,3.802877629456975,6.933466164339284,0.0
50.0,2.0369839566889776,23.897940447359073,8.783147875576029,0.0
50.0,2.2725233557099553,27.130316658503315,9.176949475625953,0.0
50.0,0.0015768021478220462,2.0496106288354574e-05,6.667733063944202,0.0
50.0,0.06681284476531442,0.03678539417109763,6.670204547711582,0.0
50.0,1.0506636080959364,8.293141577018325,7.275849829754667,0.0
50.0,0.5331135683922376,2.2879479666593414,6.825108540883424,0.0
50.0,1.7918613021692082,20.10233505682667,8.361802534699045,0.0
50.0,1.620201682208621,17.30143015145528,8.245158925582043,0.0
50.0,0.6811151089894869,3.678772586372256,6.924460146780564,0.0
50.0,0.7335021631370997,4.239942837612678,6.965370366615987,0.0
50.0,0.35485950728246307,1.027230154651208,6.737482709011506,0.0
50.0,3.015829117891206,32.84419759227341,9.966893629539735,0.0
50.0,0.8848976722910674,6.044725640380536,7.1002827582682455,0.0
50.0,0.4020797381524139,1.3148692186229118,6.757276284228876,0.0
50.0,0.20523446256783207,0.3460132054505147,6.691064820093608,0.0
50.0,0.6515121909854555,3.377111656434231,6.9026665496246835,0.0
50.0,2.799742672008509,32.02039662915437,9.844715817954,0.0
50.0,2.9191907797486047,32.56833846238224,9.925644674748419,0.0
50.0,2.0890249758713955,24.654012892731267,8.872201591465954,0.0
50.0,2.4888834037659975,29.585321654412933,9.500470781290849,0.0
50.0,0.3548460723051279,1.0271531921432593,6.737477428436236,0.0
50.0,2.1514238165060937,25.531240265150398,8.977815543273271,0.0
50.0,0.7037592971235289,3.917112942753113,6.941776689245933,0.0
50.0,2.8383983813412628,32.222390238677654,9.874395440163402,0.0
50.0,2.6256288648728145,30.828066857564338,9.67309418583622,0.0
50.0,2.1728330801802347,25.82427734863284,9.013658298865126,0.0
50.0,0.33968806896180487,0.9421012541178502,6.731646873358533,0.0
50.0,0.04901638109521883,0.019802160751333207,6.669062639051939,0.0
50.0,2.7129708671933166,31.482968402674153,9.76661157780284,0.0
50.0,0.5500812787081851,2.4321589520864846,6.835277373268009,0.0
50.0,1.793721557348957,20.13225281322416,8.364965541490701,0.0
50.0,1.210659739349506,10.677080127141362,7.4717376515263965,0.0
50.0,0.04290525514593509,0.015172998075583274,6.6687514539406605,0.0
50.0,2.2470173255506203,26.805724186446337,9.135816399784908,0.0
50.0,1.4277807806722842,14.137308324933905,7.775593021419654,0.0
50.0,2.0468700398255293,24.043176475654203,8.800115458014373,0.0
50.0,0.339493784872217,0.9410342631336814,6.731573792149155,0.0
50.0,1.4123412512554272,13.88564254833694,7.752662412132526,0.0
50.0,0.020560972038834068,0.003484889675617679,6.667965876198701,0.0
50.0,0.7924977199324014,4.912051880707636,7.01500893186107,0.0
50.0,1.5301967608393936,15.818015748147122,8.3944590736435,0.0
50.0,0.04971222019709571,0.020368259840227897,6.66910069579046,0.0
50.0,0.507291594193833,2.0763411361053303,6.810242037602976,0.0
50.0,0.9963970442377331,7.529202538896112,7.215232085007401,0.0
50.0,2.206522616170815,26.276682414302208,9.069559583312477,0.0
50.0,0.7726719758269447,4.681574038585639,6.997907493328666,0.0
50.0,2.689431399298387,31.317527636049377,9.742816998312934,0.0
50.0,1.1612206269622134,9.921667776695825,7.4085335897591005,0.0
50.0,2.964818096537706,32.71747428416068,9.947902321575992,0.0
50.0,1.9458573094512308,22.526951166119648,8.626144843599267,0.0
50.0,0.7130323919736831,4.01658364830541,6.94902934429194,0.0
50.0,2.936171220028832,32.6277687816811,9.934502353873476,0.0
50.0,0.1798505489125524,0.26593139985382896,6.685650053094266,0.0
50.0,0.20604778275970798,0.3487513306342015,6.691250114726368,0.0
50.0,0.3140456584167362,0.80636255498322,6.7223624705632,0.0
50.0,1.6716150636908342,18.14660997336128,8.16010050184928,0.0
50.0,0.0782388863444016,0.050436021313667034,6.671122664062404,0.0
50.0,2.8274894242975424,32.16775470688987,9.866350010411386,0.0
50.0,1.389872860616574,13.520529796822853,7.7196344597925295,0.0
50.0,1.7988198406914604,20.2141815452852,8.373639586940454,0.0
50.0,1.2868357871271456,11.868153629343762,7.5736132898196855,0.0
50.0,2.538700243706682,30.067699517277372,9.566738717831532,0.0
50.0,2.3111758170445906,27.608948046167352,9.238282985232578,0.0
50.0,1.5434218617525106,16.03593319161672,8.372526492631238,0.0
50.0,2.0830028803700147,24.567614456551883,8.861933899567216,0.0
50.0,2.4037158890083177,28.686064755643496,9.379352747075345,0.0
50.0,2.38383409415262,28.463154443838278,9.349805797004993,0.0
50.0,2.7655378393789793,31.822297041605136,9.815781139466905,0.0
50.0,2.1171755019102694,25.053907097376467,8.920037079621354,0.0
50.0,0.1700001809943873,0.23766741153684673,6.683741062709348,0.0
50.0,2.7321960004493606,31.611926909063893,9.785239843536367,0.0
50.0,1.7315303524914278,19.12586396967768,8.259863804050035,0.0
50.0,1.4558708272939112,14.596573243270203,7.81779063281359,0.0
50.0,0.1093174329924598,0.09841546751455249,6.674351680699574,0.0
50.0,2.884180735504626,32.43119148485443,9.905264023374405,0.0
50.0,1.4224088826351062,14.049679280197156,7.767593295348824,0.0
50.0,2.704795316457838,31.42644594562936,9.758469154409623,0.0
50.0,1.7682953352129513,19.722284661524036,8.321829515743431,0.0
50.0,0.8989013091055165,6.22441085422706,7.114001332143526,0.0
50.0,0.8053242893171993,5.063592668558607,7.026298866481813,0.0
50.0,0.005366154287462409,0.00023737901169650663,6.667747638311851,0.0
50.0,1.2189731894968001,10.805552052278815,7.482594132477313,0.0
50.0,1.5979298281818768,16.93450596545104,8.282088481595512,0.0
50.0,1.5537378159056152,16.205971719134695,8.355412746615329,0.0
50.0,0.09642547196099052,0.07658858890925378,6.67288234433829,0.0
50.0,2.49286452463454,29.625082128698185,9.505898244435894,0.0
50.0,2.027699019712075,23.76087601244009,8.767194864259244,0.0
50.0,2.990658655773941,32.78696864604647,9.958308078596959,0.0
50.0,0.8168971273289958,5.201934647842921,7.0366372539773465,0.0
50.0,1.9608272566021603,22.75592133382109,8.651974457604696,0.0
50.0,2.4616306014455906,29.307599657590888,9.462732769091824,0.0
50.0,1.2836760791353439,11.818168234589677,7.569282092373158,0.0
50.0,3.0024255590841076,32.815010202868834,9.962513055568936,0.0
50.0,0.373978792858933,1.139576225142372,6.745199867371938,0.0
50.0,2.9624328758264733,32.71051250155111,9.946861095436441,0.0
50.0,0.42897722824211454,1.4938786638094346,6.769653446895154,0.0
50.0,2.604343856765645,30.651691805063614,9.648213833180964,0.0
50.0,2.6196960731298806,30.77955536093251,9.666238125695175,0.0
50.0,1.0914238939667138,8.882936285609167,7.323350689399198,0.0
50.0,0.7543625877784933,4.472843480619692,6.982491493897592,0.0
50.0,2.9431961827075055,32.65099566281721,9.937968458496355,0.0
50.0,2.045871987534618,24.028547409098735,8.798403410175892,0.0
50.0,1.9349706762755547,22.35958360856645,8.607361836445017,0.0
50.0,2.3960252624439202,28.600406202909785,9.367976567555727,0.0
50.0,1.7052176769044585,18.696769445353027,8.215850353429687,0.0
50.0,1.7260308422982733,19.03632171464265,8.250640307130512,0.0
50.0,1.7384995649393593,19.23922071904349,8.27156998566407,0.0
50.0,2.371905676055283,28.32713789061356,9.331867963856851,0.0
50.0,0.6827125306031728,3.6953722804699627,6.925663392772713,0.0
50.0,1.157709500539195,9.868607672510931,7.404134308993157,0.0
50.0,0.9304274005045299,6.636243305490293,7.145644719342769,0.0
50.0,1.299079657715714,12.062278119129623,7.590481142457251,0.0
50.0,0.237339146312712,0.4621853728085692,6.698935462150201,0.0
50.0,2.5992923353439994,30.60888789810483,9.642194986504709,0.0
50.0,1.934065421328858,22.34563489732427,8.605800119084758,0.0
50.0,2.589232363483723,30.52257273383132,9.630080640490256,0.0
50.0,2.0885073278166644,24.646597835507283,8.871319444052487,0.0
50.0,1.2830784749828956,11.80871958787695,7.568463930784184,0.0
50.0,2.218288184836585,26.432086528135,9.088922382582215,0.0
50.0,2.4804351250121117,29.500259618355205,9.488880261684262,0.0
50.0,0.6372467538847487,3.2358293242733813,6.892506660160936,0.0
50.0,1.142873668305643,9.645317247895537,7.385678129558179,0.0
50.0,2.5728710311960907,30.379161838105457,9.610020064170028,0.0
50.0,2.595558949291364,30.577021530984727,9.637718989747892,0.0
50.0,2.497400160233562,29.67012689762782,9.512054531960414,0.0
50.0,0.6309524143309871,3.1743470477706506,6.888094682736862,0.0
50.0,0.992217002654062,7.471423676817118,7.210688453939486,0.0
50.0,0.21926843036187302,0.39475582068428533,6.694364869810602,0.0
50.0,0.30801983502820024,0.7759576390029544,6.7202863118569605,0.0
50.0,2.1170112195834982,25.05159276004528,8.919758753820073,0.0
50.0,2.7050051755065145,31.427909329347134,9.75867979303857,0.0
50.0,0.4751708035944075,1.8265417339480976,6.792775443070725,0.0
50.0,2.7827123314955693,31.924021709044464,9.830617897030297,0.0
50.0,1.8909499815017803,21.675933370639825,8.53148041343115,0.0
50.0,1.8992611038995812,21.80581709783801,8.545793674185504,0.0
50.0,1.5766319896766325,16.583418475071085,8.317424133035267,0.0
50.0,0.060605732972579374,0.030269937796353154,6.669766419057635,0.0
50.0,0.40041181945053683,1.3041289355948946,6.756535113124302,0.0
50.0,2.2168006435656276,26.412514094747852,9.086479177668673,0.0
50.0,0.12911910686683695,0.13724439626946355,6.676967156912714,0.0
50.0,1.49805506546135,15.288962504970796,8.447706316870025,0.0
50.0,2.072732703887146,24.419594884973325,8.844398204852746,0.0
50.0,2.2801014617123245,27.225431742738177,9.189072932589278,0.0
50.0,1.7309840328137704,19.11697239492347,8.258946985719419,0.0
50.0,1.0075244080280106,7.683771333792142,7.227415307526771,0.0
50.0,0.7636553237818647,4.578283503829928,6.990270371195187,0.0
50.0,0.8838451151703168,6.031302243911533,7.099260034886855,0.0
50.0,2.5009195918274414,29.70489262201555,9.516811433010778,0.0
50.0,1.8820768060678428,21.536870686410435,8.51620867981955,0.0
50.0,1.8173392006238842,20.510954431596904,8.405211009038268,0.0
50.0,1.2215100526753893,10.84483408023187,7.485919949157837,0.0
50.0,1.1913117057742175,10.379655161932508,7.446724330894997,0.0
50.0,0.012251442249432766,0.001237331447787613,6.667814835185367,0.0
50.0,2.6635756023774686,31.12634091270654,9.715463502414094,0.0
50.0,0.6269495099025919,3.135521423366899,6.885311458570521,0.0
50.0,0.314818237782553,0.8103020159980391,6.7226315652249795,0.0
50.0,2.9828296438241075,32.76706086178975,9.955324956952719,0.0
50.0,1.4355200136245796,14.263673070298978,7.78715801708886,0.0
50.0,2.3414931130012633,27.972774422085052,9.285456227621019,0.0
50.0,2.4674978350742354,29.368201631110157,9.470942020573005,0.0
50.0,2.558568644625468,30.2507505477617,9.592128449783571,0.0
50.0,0.3463122016327617,0.9788311917899275,6.734163577813068,0.0
50.0,1.0486684060031848,8.264612897256088,7.273567807203531,0.0
50.0,1.6901106843161853,18.449701484121697,8.190720030332885,0.0
50.0,2.664028387338991,31.129773529775978,9.715953260188167,0.0
50.0,2.354115913492989,28.12116222379079,9.304834593187959,0.0
50.0,1.2598013739150535,11.442021316749829,7.536847461246467,0.0
50.0,2.6015837820747505,30.62834912193532,9.644930584033231,0.0
50.0,2.37713214062707,28.38694237157207,9.33974648015515,0.0
50.0,2.3046156906754005,27.52886559496494,9.227963891800382,0.0
50.0,0.814745647660499,5.176100877844984,7.0347043697500045,0.0
50.0,0.0096641867913458,0.0007699176924593373,6.667783424779803,0.0
50.0,3.015290661517372,32.843081678413746,9.966726077369902,0.0
50.0,1.5137632902927531,15.547399558930573,8.421695587612703,0.0
50.0,1.669224447423335,18.107390831371546,8.16404197769728,0.0
50.0,0.8241564489249747,5.289485321941887,7.043195707615651,0.0
50.0,0.32085558999849806,0.8414091756642195,6.724757173904077,0.0
50.0,0.581151367239467,2.706686039581608,6.854719244220267,0.0
50.0,2.017152189578605,23.604423452608494,8.74905593841882,0.0
50.0,2.356553528394405,28.14960487708684,9.308558237793587,0.0
50.0,0.12902761832924467,0.13705024340702573,6.676954073878858,0.0
50.0,0.5805352510230576,2.7011120301408575,6.854323395721861,0.0
50.0,2.154336363419533,25.571352062206067,8.982704959077239,0.0
50.0,2.134550502596822,25.297360871487015,8.949412543854331,0.0
50.0,0.10673762597040926,0.09382957827737003,6.674042915261297,0.0
50.0,0.09164877943156449,0.06919367708639064,6.672384682220806,0.0
50.0,1.8830196792639449,21.551666707999125,8.517830965398133,0.0
50.0,0.5091839747353175,2.091524288154989,6.811306577532246,0.0
50.0,1.4949579423323134,15.238040463336574,8.45283143115937,0.0
50.0,1.3378832020147486,12.681744539661945,7.644813809872364,0.0
50.0,2.1852140174535792,25.991795655540724,9.034277119107479,0.0
50.0,0.8910407422154022,6.123299318605142,7.106275171960778,0.0
50.0,0.2515833975723124,0.5190259851463533,6.702793152797499,0.0
50.0,1.293269415216686,11.97007322195976,7.582459921939047,0.0
50.0,2.6529266091522254,31.044745810615083,9.703836222923046,0.0
50.0,1.0032330461609498,7.624030395449829,7.222701609430463,0.0
50.0,1.3809386251645634,13.375753798837144,7.706615866643946,0.0
50.0,1.0368574494268374,8.096406471150164,7.260141943744136,0.0
50.0,0.8127313900679215,5.151962246806897,7.032899275327545,0.0
50.0,2.9539074124774327,32.68487484093055,9.943028524764745,0.0
50.0,1.5062235232985077,15.423319882231901,8.43418374605403,0.0
50.0,0.1356441995473915,0.15144450018368036,6.677924173102999,0.0
50.0,0.4271297742137085,1.4812349661431667,6.7687777418892265,0.0
50.0,2.577012516716006,30.415815974653253,9.61513935626317,0.0
50.0,2.540353387295105,30.08313568973923,9.56887457120973,0.0
50.0,0.49302565808268883,1.963545868050237,6.802344002532991,0.0
50.0,1.216684839225801,10.77014948019519,7.479599301088994,0.0
50.0,1.867034883777399,21.300227379101326,8.490346034077472,0.0
50.0,1.0450143425149871,8.212449702888236,7.269398948135977,0.0
50.0,1.6619244923477525,17.98757540732904,8.17610095495446,0.0
50.0,0.16450273719022634,0.22257875533250895,6.6827223994568135,0.0
50.0,2.632895731936035,30.886798916568367,9.681407729702817,0.0
50.0,2.3041913695389735,27.523669314690025,9.227295116993968,0.0
50.0,0.7251399873764205,4.148072288319062,6.958639795421792,0.0
50.0,0.6448346920351967,3.3106450109872174,6.897883074472754,0.0
50.0,1.9658271469490878,22.832085846828317,8.660600725758266,0.0
50.0,1.771324375109663,19.77123932575584,8.326957022636645,0.0
50.0,1.9855533230746194,23.13101382021001,8.694623710084697,0.0
50.0,1.9908942062087864,23.211509004036802,8.703831134944767,0.0
50.0,1.5088696747883434,15.466860274547283,8.429801567341848,0.0
50.0,0.30935136936482316,0.782627190454578,6.720741623380339,0.0
50.0,0.05095417449569769,0.02139846509197943,6.6691699537764775,0.0
50.0,1.7038035954789785,18.673663309984327,8.213493596484975,0.0
50.0,0.3697687488818078,1.1143546281858472,6.743465833387729,0.0
50.0,1.632348512940704,17.501388091867742,8.22503390182401,0.0
50.0,1.6335313473685253,17.520852080864927,8.223074923650222,0.0
50.0,2.025607238525797,23.7299101249909,8.763598748078177,0.0
50.0,0.8278566162664796,5.334338334523953,7.046560401759658,0.0
50.0,0.3368353851322738,0.926493532436912,6.730578014798811,0.0
50.0,0.8931839697423436,6.150804709353299,7.108375258663699,0.0
50.0,2.276043060650682,27.17456987939145,9.182586050392576,0.0
50.0,2.394476471456258,28.583068864600524,9.365677379724769,0.0
50.0,0.1906921629461904,0.2988589735082756,6.687875404412194,0.0
50.0,1.5164668703602222,15.591904943323033,8.417216286033568,0.0
50.0,0.8386657247376396,5.466237434562585,7.05647359955061,0.0
50.0,1.182321132333485,10.242220105807043,7.435222583783079,0.0
50.0,0.49337783622578263,1.9662949150575302,6.802536275692368,0.0
50.0,0.2807976218435378,0.6457262520407461,6.711408128079395,0.0
50.0,2.6007929094013944,30.621640637717658,9.64398742010414,0.0
50.0,1.1895194285430355,10.352217632882791,7.444425280511829,0.0
50.0,1.5603700509646306,16.315308214311735,8.344408434616051,0.0
50.0,2.9462520098341205,32.660850354494926,9.939439786840195,0.0
50.0,0.23060147207637316,0.43643121455641254,6.697189025849713,0.0
50.0,2.7930190779480726,31.98288439827002,9.839223648247993,0.0
50.0,0.9062351595855801,6.319319098842361,7.121268786291199,0.0
50.0,1.7505512814769426,19.434927644525352,8.291858631977174,0.0
50.0,1.4844539988349603,15.065429659943533,8.470204067184785,0.0
50.0,2.0873875833533977,24.630550562036557,8.869410947901889,0.0
50.0,1.1952837021143838,10.44053126274513,7.451830346086582,0.0
50.0,0.5357395323076687,2.3100000673882866,6.826661553347892,0.0
50.0,1.6765745622924344,18.227942291846347,8.168294530032425,0.0
50.0,0.43103280299612046,1.508006851995323,6.770632236101633,0.0
50.0,1.4259459165827157,14.107369366245422,7.772858017291579,0.0
50.0,1.8513417930112965,21.052179847641295,8.463405111200963,0.0
50.0,2.5002913921815177,29.698699117909435,9.515963644147412,0.0
50.0,0.579358363706944,2.6904792663068053,6.853568417280124,0.0
50.0,0.5855757472854706,2.746866980996817,6.85757412074158,0.0
50.0,0.1780666886895513,0.26069612104564543,6.685296372558214,0.0
50.0,0.45394140571271135,1.6697295592318677,6.781856448060694,0.0
50.0,0.27130506729193077,0.6030694347553777,6.708505209207837,0.0
50.0,1.5182351500038607,15.621017301108585,8.414286235389545,0.0
50.0,0.994105864479162,7.497513128193487,7.212739375058461,0.0
50.0,2.054877611660464,24.16027470750804,8.813843578602771,0.0
50.0,2.2322235213749693,26.614367201222283,9.111739530287034,0.0
50.0,2.5001972258847096,29.697770270428858,9.515836513226581,0.0
50.0,1.8638882023449144,21.250583474102015,8.484940393555389,0.0
50.0,1.71502636797136,18.856919637984177,8.232222443369315,0.0
50.0,1.3723620466297435,13.237006996504741,7.694180571181783,0.0
50.0,2.8835575047138184,32.42857250846171,9.9048756461923,0.0
50.0,2.545981908624428,30.135412950365033,9.576115096592392,0.0
50.0,1.2572741932064182,11.402370065402168,7.5334445763441265,0.0
50.0,1.8071043254247299,20.34710455958875,8.387750886400049,0.0
50.0,0.22696767144791075,0.4228437214956808,6.696268000129898,0.0
50.0,1.329721712431942,12.550945954030729,7.633276939348806,0.0
50.0,0.5333179533819467,2.289660821985663,6.825229142886346,0.0
50.0,0.5789999867135416,2.68724525078049,6.853338819282821,0.0
50.0,1.5111446749590254,15.504299379789568,8.426033460504396,0.0
50.0,0.5826607156387036,2.72036322940967,6.855690748692668,0.0
50.0,0.6345539819519486,3.209462284675358,6.8906138654285325,0.0
50.0,2.3354966396329653,27.90164002200983,9.276195185965923,0.0
50.0,2.024064772817625,23.707055775151296,8.760946528818632,0.0
50.0,1.8725699259095012,21.387435530098557,8.499858677407417,0.0
50.0,2.032995016443403,23.83913321576688,8.7762961613775,0.0
50.0,1.0899041065139268,8.860712345006863,7.321549576462134,0.0
50.0,0.15701205898211643,0.2028106088888099,6.681388284905965,0.0
50.0,0.8547313768270348,5.6646545033705955,7.071438766797864,0.0
50.0,0.42995644434149455,1.5006010245138608,6.770119131197484,0.0
50.0,1.4387961065367156,14.317205060392112,7.7920676851619675,0.0
50.0,1.697900333074699,18.577157119874787,8.203664852057944,0.0
50.0,1.0768926181326839,8.671170859312221,7.306224334857709,0.0
50.0,0.8354059325517792,5.426323218373708,7.053470807629928,0.0
50.0,1.6100195973954143,17.1337215588709,8.262038172303935,0.0
50.0,2.736175756002986,31.63792552150544,9.78900399586268,0.0
50.0,1.0007333244010208,7.589306409795235,7.21996463115292,0.0
50.0,1.7124902989524786,18.81553351809754,8.227985307844232,0.0
50.0,0.2261177476036543,0.41969629223252,6.696054688351608,0.0
50.0,0.3827912009836611,1.1932498428894212,6.748893003140855,0.0
50.0,1.6260920442896603,17.398412573779986,8.235398005113812,0.0
50.0,1.4445340050200426,14.411019199100194,7.800686764738933,0.0
50.0,0.9826027989646813,7.3391302946467745,7.200306648560484,0.0
50.0,1.4201253106980456,14.01244969025209,7.764199556192469,0.0
50.0,1.7147695058978198,18.852728594055197,8.231793163227325,0.0
50.0,0.5742295611627266,2.6443656247757277,6.850296046157742,0.0
50.0,2.1164652494666663,25.04389971242827,8.918833700780802,0.0
50.0,1.5510729099191232,16.16204231028135,8.359834078396709,0.0
50.0,0.8460986237008343,5.557686142004809,7.063363038563679,0.0
50.0,2.3581395129047826,28.16807330996305,9.310977677423686,0.0
50.0,0.6731722905294047,3.596720471998764,6.918518650194967,0.0
50.0,0.13964190993380585,0.16048807613261568,6.678533808031372,0.0
50.0,0.5782917438415502,2.6808592373603863,6.852885491282867,0.0
50.0,2.064371849896631,24.298475013952224,8.830100827188886,0.0
50.0,1.4359432356220017,14.270587269188846,7.7877918024842065,0.0
50.0,1.3485458532616188,12.853008086488629,7.659972654612615,0.0
50.0,0.010986291022560641,0.0009949812090925725,6.667798549108054,0.0
50.0,1.2901292311469568,11.920303754907788,7.578137346067427,0.0
50.0,0.6982523238145687,3.8585517125696445,6.937513920855922,0.0
50.0,0.4188869340517438,1.425446853096276,6.764916549789442,0.0
50.0,2.5689347036900867,30.344102578492503,9.605128618224823,0.0
50.0,0.3164359026335996,0.8185809596105212,6.723197149232268,0.0
50.0,0.06987557874506456,0.04023381091111137,6.670436458091523,0.0
50.0,1.283613531975225,11.817179230847568,7.569196445908336,0.0
50.0,0.7181602679957462,4.072050391422343,6.953080146947332,0.0
50.0,2.593107302568911,30.55598861403329,9.634766951231025,0.0
50.0,0.13089004474686322,0.14102956213497886,6.677222231401416,0.0
50.0,0.4505371123126318,1.6452030269400146,6.780151813852461,0.0
50.0,1.2518088934980478,11.316731367084701,7.526105506911419,0.0
50.0,1.0112160794098461,7.735293619268928,7.231485478834188,0.0
50.0,0.9254222222571535,6.570195093703017,7.140550926917988,0.0
50.0,1.4428184640749897,14.382962951029373,7.7981071273182,0.0
50.0,0.16236206110904702,0.2168362553192196,6.682334794166959,0.0
50.0,2.6581460311631666,31.084945106661035,9.709561131366641,0.0
50.0,1.3192038030745172,12.382770555163145,7.618494378476912,0.0
50.0,0.24512270971337996,0.4928428983545067,6.701015592546268,0.0
50.0,1.2406079382512822,11.141703017409785,7.511150308053763,0.0
50.0,0.4558502398382807,1.68355707992352,6.782817861312621,0.0
50.0,0.7144028687090728,4.031375648406149,6.950109160175909,0.0
50.0,1.133297465524697,9.501984843796668,7.373879329878525,0.0
50.0,1.6814643629297568,18.308089703665374,8.176385289289792,0.0
50.0,1.6307261372565325,17.474688982500084,8.227721067981262,0.0
50.0,2.1276260689443727,25.200652267984456,8.937720418986512,0.0
50.0,1.4261735122327566,14.1110825469036,7.773197121777185,0.0
50.0,0.384315986570975,1.2026574832420494,6.749540733884847,0.0
50.0,2.3613646982240124,28.205539192759932,9.315889725783078,0.0
50.0,0.1948059658683203,0.3118513918248637,6.688753881469513,0.0
50.0,0.13109972500686215,0.14148112285711736,6.677252662444478,0.0
50.0,1.9879888960935461,23.16774523240335,8.69882280740805,0.0
50.0,1.2447531267911964,11.20639955290442,7.51667133768674,0.0
50.0,2.5478116472328707,30.152314371583802,9.578458328302895,0.0
50.0,0.3687276909865374,1.1081598444853753,6.74304006629924,0.0
50.0,0.9816087185092068,7.325499574359801,7.199238667849056,0.0
50.0,0.3277543325373125,0.8776526746436706,6.727235454020584,0.0
50.0,0.5721075765377428,2.6253930460745023,6.848950598594743,0.0
50.0,2.5841874188980083,30.478751486085493,9.623941964691252,0.0
50.0,2.792217976598251,31.978368161327403,9.838562838784132,0.0
50.0,0.615240225147026,3.023179302388612,6.877270841555469,0.0
50.0,1.231272574746423,10.99633824403977,7.498774801660405,0.0
50.0,1.6099396784318112,17.13240492989321,8.262170686118582,0.0
50.0,2.549547423053713,30.16830556675667,9.580676421294688,0.0
50.0,0.5038319860052516,2.0487170867058215,6.808306079295429,0.0
50.0,2.9917803875670765,32.78973921104825,9.958723381158824,0.0
50.0,1.2250573729280478,10.89982335083698,7.490580590226483,0.0
50.0,1.7268961597093822,19.050415871901304,8.252090740560968,0.0
50.0,0.5726127328802534,2.629903970870194,6.849270444631918,0.0
50.0,2.257912738177087,26.945214017451327,9.15344759075922,0.0
50.0,0.7916058050947183,4.90158479209603,7.0142304630823755,0.0
50.0,1.8377122056374138,20.835834013960277,8.440046579061274,0.0
50.0,2.495718113268582,29.65345356931029,9.509774851864046,0.0
50.0,0.8275040286532622,5.3300577154892315,7.046239148032211,0.0
50.0,0.05966557660842864,0.029338363761853694,6.669703780523588,0.0
50.0,2.4431569765088414,29.113915158800676,9.436591081824584,0.0
50.0,0.033184285086369496,0.009076995629639643,6.668341708103926,0.0
50.0,1.9383705505210564,22.411927839957475,8.613227428312813,0.0
50.0,1.1832919915821452,10.257037102123341,7.43646088837792,0.0
50.0,1.5882117390509993,16.774322211722872,8.298210381244614,0.0
50.0,0.8475733259585697,5.575901697532831,7.0647369444484305,0.0
50.0,1.3094015951150741,12.226447197168294,7.60480486099626,0.0
50.0,2.58434279901689,30.480106464964624,9.624131658918955,0.0
50.0,2.2540593061649403,26.896021031415486,9.147221948799151,0.0
50.0,0.7617543720599186,4.556630389506927,6.98867149068631,0.0
50.0,2.159726101418372,25.64537640719939,8.991742131974764,0.0
50.0,2.7653387209613562,31.821091077700576,9.81560551569079,0.0
50.0,0.5478160511059091,2.4126714986556075,6.833901472904599,0.0
50.0,0.6846526189082378,3.715576705847385,6.927128495801001,0.0
50.0,2.5723384510837386,30.374430944246726,9.609359722065914,0.0
50.0,2.2198167159186224,26.452175363809705,9.091431416122317,0.0
50.0,0.4169336046386739,1.412376432245547,6.764012560136386,0.0
50.0,2.9810273437350943,32.76233659146429,9.954617301612288,0.0
50.0,1.898156490405257,21.78857550364007,8.543890876763353,0.0
50.0,1.7845216133223132,19.984172649175687,8.349333349403931,0.0
50.0,2.046768437486369,24.041687571510174,8.799941180275269,0.0
50.0,1.4244016728600337,14.08217858299813,7.770558261792798,0.0
50.0,2.2276931061486196,26.555321305285034,9.104335872722839,0.0
50.0,2.280415532097426,27.22936046365026,9.189574379907958,0.0
50.0,2.766899088215455,31.830525178390634,9.816979565667953,0.0
50.0,0.3559478803880323,1.0334741878531741,6.737911154117653,0.0
50.0,0.598892255495988,2.8694235072284044,6.866296531754642,0.0
50.0,0.48084897322391007,1.8696067853151634,6.795780263991774,0.0
50.0,0.92072743452959,6.5084685630350325,7.135796993285097,0.0
50.0,2.357524296614699,28.160912740196185,9.310039464465397,0.0
50.0,2.9431892104843294,32.65097300557775,9.937965076219786,0.0
50.0,1.6000934397610065,16.970163668356673,8.278499666284315,0.0
50.0,1.172396045344743,10.09108619742454,7.422615347797052,0.0
50.0,1.4865650443620209,15.100108387248575,8.466713782130611,0.0
50.0,0.5981488097411963,2.8625174655438514,6.8658044353198875,0.0
50.0,0.026379798543166178,0.0057363390501570044,6.668117185566671,0.0
50.0,0.41637732988456777,1.408664720577798,6.76375589102811,0.0
50.0,0.14133797058778677,0.16440372749088752,6.678797799857059,0.0
50.0,1.7739960633219491,19.814393557940313,8.331482235665032,0.0
50.0,1.5230414599926927,15.70016018473984,8.406320798207766,0.0
50.0,2.389072863228684,28.522353335926386,9.357634490425578,0.0
50.0,2.136648302559134,25.326576178731905,8.952950709969164,0.0
50.0,0.36892726785885027,1.1093461294895541,6.743121595429807,0.0
50.0,0.16289621641515326,0.2182621809338451,6.682431036607133,0.0
50.0,2.895446074991878,32.477462678853456,9.91213076686377,0.0
50.0,1.3369823347835121,12.667294355657727,7.643537542308043,0.0
50.0,2.1263445315729266,25.182707999026395,8.935554306164471,0.0
50.0,0.008097746244553691,0.0005405588753668377,6.667768011876788,0.0
50.0,0.494067590684729,1.9716842471240332,6.802913246553714,0.0
50.0,2.026342796360023,23.740802646908104,8.764863377021156,0.0
50.0,2.408545281482624,28.739486276106295,9.386461575949154,0.0
50.0,0.2416820727513621,0.4791714746029476,6.700087819166429,0.0
50.0,0.4356519359485852,1.5399854771604493,6.772848734533463,0.0
50.0,2.381648340604422,28.4383578270131,9.346530486430412,0.0
50.0,2.5643650270154823,30.303133067222543,9.59941888325284,0.0
50.0,0.9108438370334166,6.379240690129026,7.125864842549456,0.0
50.0,1.2136112132012042,10.722645220673831,7.475584508815145,0.0
50.0,2.5672397719548004,30.328940353488147,9.60301473614889,0.0
50.0,0.554507953170549,2.470449130139962,6.837982443524624,0.0
50.0,2.3110864031342486,27.60785973937628,9.238142595837976,0.0
50.0,1.6840759617867598,18.350878006408838,8.18071126933792,0.0
50.0,0.8608526662950846,5.740992523020249,7.07721331484749,0.0
50.0,0.3647677974528548,1.0847489516044548,6.741431522523311,0.0
50.0,1.3488068340773998,12.857205221114537,7.660344905277519,0.0
50.0,1.4108436901340315,13.861264195003713,7.750448353558586,0.0
50.0,2.266292879587947,27.05165800521706,9.166947710758526,0.0
50.0,1.3949837194212278,13.603456602108121,7.727111261718842,0.0
50.0,0.5261041479189129,2.2295647500121136,6.821000330357014,0.0
50.0,0.8191255075437831,5.228746867341506,7.038644469456419,0.0
50.0,2.2581547250126883,26.94829805144685,9.153838174468564,0.0
50.0,1.8570595627929083,21.142689247578737,8.473215678362921,0.0
50.0,0.7075368769137921,3.9575043221061006,6.944719898201161,0.0
50.0,2.795827450022558,31.998638137363773,9.841529408321017,0.0
50.0,1.2259596421467007,10.91382124402301,7.4917679149475,0.0
50.0,1.4863063774299028,15.095858858767183,8.467141481383079,0.0
50.0,2.016015514658882,23.58751435290865,8.747100010664496,0.0
50.0,2.1570846512959885,25.60913101460032,8.987314886026631,0.0
50.0,1.3763258151658648,13.301101398195746,7.6999200932430725,0.0
50.0,1.9866224802789227,23.147142880964093,8.696467068410213,0.0
50.0,0.7501018526350104,4.424845404480507,6.97895614927995,0.0
50.0,1.1069367762145585,9.110777657042574,7.341867064640869,0.0
50.0,2.138741312599153,25.355686011697752,8.956478886059193,0.0
50.0,2.5498306978539187,30.170911383522235,9.581037964035978,0.0
50.0,1.8760562873080426,21.442288506159578,8.505852954432187,0.0
50.0,1.3465308333065418,12.820610572993253,7.657100483670347,0.0
50.0,1.2429508381918966,11.178258899201321,7.514268892353773,0.0
50.0,2.5973315512485935,30.592176112127234,9.639847106162643,0.0
50.0,0.5424904115758383,2.3671403928928743,6.830688933539138,0.0
50.0,2.055725187202559,24.17264051215412,8.815295796045028,0.0
50.0,2.16479926538375,25.714809806555213,9.000235367698814,0.0
50.0,0.6722454987738663,3.5871992691397248,6.917829868097549,0.0
50.0,0.1939453945543438,0.30911084248895127,6.688568561140316,0.0
50.0,1.0146801323609143,7.783747663934218,7.235317449566753,0.0
50.0,0.33397299823626003,0.9109599998413684,6.72951457386586,0.0
50.0,2.413671693574233,28.795880662127974,9.393977706998706,0.0
50.0,2.995773249024905,32.79943469038025,9.960176988304031,0.0
50.0,2.5410741350394455,30.089854018796895,9.569804462620873,0.0
50.0,2.0862064588501665,24.613612574566922,8.86739741005723,0.0
50.0,2.4904447449495466,29.60093994681402,9.502602001153416,0.0
50.0,1.8527091245995377,21.073837702803516,8.465750598488938,0.0
50.0,2.179901437466584,25.92009159411504,9.025439961832529,0.0
50.0,3.0217059118595517,32.85606843732663,9.968676361273793,0.0
50.0,2.7370598093235543,31.643668232127347,9.789835832197406,0.0
50.0,2.0706197365908174,24.3890373198887,8.840786726748384,0.0
50.0,0.9089242124584943,6.354255750117502,7.123947747453409,0.0
50.0,2.4965810953475085,29.662012554727163,9.510944952535388,0.0
50.0,0.10223974264355591,0.08609505458242221,6.673522218688685,0.0
50.0,1.1814402883172208,10.228781990693928,7.4340998733416574,0.0
50.0,0.8753537823681747,5.923436137017714,7.091052441653669,0.0
50.0,0.19842044407577852,0.32349274373821807,6.689541202778958,0.0
50.0,1.258013598699638,11.413967925478028,7.534439590951832,0.0
50.0,0.2780986625537907,0.6334525026303862,6.710572606789733,0.0
50.0,0.7593919660688389,4.529781091609592,6.9866899359690935,0.0
50.0,0.5416239385767786,2.3597704002661195,6.83016921278036,0.0
50.0,2.3835412965295415,28.459836072491004,9.349367350272,0.0
50.0,1.3807852920030212,13.373271226132633,7.706393010875,0.0
50.0,0.7032953702617329,3.912164808778485,6.9414163038203345,0.0
50.0,0.3363922686659112,0.9240804947214348,6.730412793811497,0.0
50.0,1.0869578578063488,8.817679398840212,7.318064539712347,0.0
50.0,0.07054654734906608,0.041009875575321916,6.670488651643076,0.0
50.0,2.13102269141254,25.248142953534817,8.943458249652554,0.0
50.0,0.05354927964837627,0.023633091325003977,6.669320186757442,0.0
50.0,2.5190061086904456,29.880963369271576,9.54097597193264,0.0
50.0,1.811247081022027,20.413475511859893,8.394814740620065,0.0
50.0,1.5912333202620415,16.824130700315287,8.293197341931458,0.0
50.0,2.5914352018416253,30.54159498632596,9.632747800647733,0.0
50.0,2.3375566437363346,27.926123654843696,9.279380643101188,0.0
50.0,2.272839967133618,27.13430281623441,9.177456912722667,0.0
50.0,0.5718462158183747,2.6230605460790253,6.848785224960131,0.0
50.0,0.2946035912969616,0.7103130051846059,6.715808226870368,0.0
50.0,2.035039973018641,23.86929580388306,8.779809111525372,0.0
50.0,2.7279044654978897,31.583623105292208,9.781145228979756,0.0
50.0,1.6918884063969655,18.478799658971965,8.193671738592892,0.0
50.0,1.366569495595233,13.143433178838634,7.68581657593144,0.0
50.0,0.057245754609272365,0.027007539094377662,6.669547062288416,0.0
50.0,0.027387536486201267,0.006182951513202967,6.668147201114861,0.0
50.0,2.353135536140626,28.109703452819634,9.30333527983713,0.0
50.0,0.3138246272348745,0.8052372162363831,6.722285605463006,0.0
50.0,2.945238895385529,32.657599907885846,9.93895443946774,0.0
50.0,1.445076004628709,14.419884426891606,7.801502234788114,0.0
50.0,0.6050212905171214,2.9266439982621235,6.870376546332518,0.0
50.0,0.35956900042055356,1.0543804052774397,6.73934606701778,0.0
50.0,0.6527141261945544,3.3891376735055916,6.903532747548914,0.0
50.0,2.1518379142017054,25.536947933579206,8.978510953014762,0.0
50.0,0.6763970143947655,3.629935236599084,6.920922544246548,0.0
50.0,1.1318179875444563,9.479897463471433,7.372064497992784,0.0
50.0,1.9061864658195276,21.913764352685018,8.557726118821487,0.0
50.0,2.3665685702518067,28.26573363494587,9.323792514531846,0.0
50.0,0.05090994497089916,0.021361340407100356,6.669167457956685,0.0
50.0,2.6711143596184255,31.183101590265093,9.723568330460846,0.0
50.0,0.9009792385172134,6.251245768842901,7.116054670287931,0.0
50.0,0.19067379469177118,0.29880157615892294,6.687871524025826,0.0
50.0,0.5958254204272662,2.8409835166459745,6.864270466495367,0.0
50.0,2.4616321092347064,29.307615288152313,9.462734884600746,0.0
50.0,0.23638537973386775,0.4584954569979455,6.698685186350166,0.0
50.0,0.3412405177458515,0.9506482386719202,6.732232337606616,0.0
50.0,2.8026576062782613,32.03644150231166,9.847066822107527,0.0
50.0,1.0017515618452184,7.603444190011077,7.221078734336833,0.0
50.0,0.5167891557437424,2.1530623483446467,6.815624620233417,0.0
50.0,2.816997285915756,32.11344619228572,9.85836571849484,0.0
50.0,0.04476180100490988,0.016514279802962675,6.668841615617833,0.0
50.0,0.7140400147040361,4.027456969199713,6.949823063952289,0.0
50.0,1.5087437735868046,15.46478850259144,8.430010083491597,0.0
50.0,1.0750407906290518,8.644301662897526,7.304057035631599,0.0
50.0,2.242382857399457,26.74601856135495,9.128290488338688,0.0
50.0,2.6667407161244827,31.15027314299152,9.718879125322252,0.0
50.0,0.004178042416263133,0.00014390043490723452,6.667741356614193,0.0
50.0,2.4923119363332,29.619575718745548,9.505146227633515,0.0
50.0,2.289426131732749,27.341621666666917,9.203926142885173,0.0
50.0,0.1484813079200011,0.18141056438071432,6.67994463698407,0.0
50.0,2.8256579504376997,32.15839898100481,9.864973634779862,0.0
50.0,0.2698677534408496,0.5967352317049276,6.708074362627892,0.0
50.0,2.6508941456170207,31.028984702436073,9.701593475741436,0.0
50.0,2.8484563470376023,32.2711047432144,9.881580034255476,0.0
50.0,0.7122765339979465,4.008435447569358,6.9484346690159144,0.0
50.0,0.8772303838676981,5.947209468815081,7.092859737122238,0.0
50.0,2.4977697983127505,29.673785946194855,9.512554965862794,0.0
50.0,0.3613625780666649,1.064810424205185,6.740062167219419,0.0
50.0,1.5946783468507617,16.880915587900954,8.28748215398052,0.0
50.0,0.5099525471489692,2.0977055050265685,6.811740057982057,0.0
50.0,0.7503642540516218,4.427795092718729,6.979173308167395,0.0
50.0,1.1089383500650014,9.140305703180932,7.344273626977967,0.0
50.0,0.40095921140842616,1.3076491194500177,6.756778017912115,0.0
50.0,1.0061518783942607,7.6646463774073395,7.225905634869143,0.0
50.0,1.6278016943735227,17.42655549814653,8.23256552434132,0.0
50.0,2.106195172162574,24.8987154359276,8.901411878195724,0.0
50.0,1.146335492395764,9.697287407454969,7.389965528326865,0.0
50.0,2.7620198820784063,31.80090099773811,9.812666179927808,0.0
50.0,2.034947684932254,23.867935242347464,8.779650590258644,0.0
50.0,1.8903147768742699,21.665991726494244,8.530386813747732,0.0
50.0,2.258869870336462,26.95740873693167,9.15499221032588,0.0
50.0,0.32132200892670637,0.8438361213969388,6.724923068038917,0.0
50.0,1.9123155408812542,22.009082768057528,8.56829031382206,0.0
50.0,0.16091539463640853,0.2129976977686969,6.682075725602277,0.0
50.0,1.5721505307153836,16.509532280627557,8.324860503981554,0.0
50.0,2.6502931802031746,31.024312896983204,9.700928894341605,0.0
50.0,0.6499322840653918,3.3613326388538174,6.90153036398363,0.0
50.0,2.5759298198962597,30.406256626130688,9.6138037262509,0.0
50.0,2.205422290003642,26.262079260690857,9.067744321978461,0.0
50.0,0.1557333583911407,0.1995273474232734,6.681166755424308,0.0
50.0,2.1941303023566636,26.11153509647656,9.049073032023122,0.0
50.0,0.9351590169621923,6.698908550541082,7.150484332626896,0.0
50.0,2.829186422105272,32.1763765428037,9.867618759293055,0.0
50.0,1.252229018675954,11.323309085629276,7.526668697550789,0.0
50.0,1.6754023905264108,18.208723281835592,8.166356779830931,0.0
50.0,1.477408683083496,14.949741044550128,8.481847696482781,0.0
50.0,1.3775993873712806,13.321705819963086,7.70176699614719,0.0
50.0,2.817633823059615,32.11679005770284,9.85885695125187,0.0
50.0,2.616438678901481,30.752706127670464,9.662447738513057,0.0
50.0,2.821546759960159,32.13720638176301,9.861857287081047,0.0
50.0,0.2536456513308479,0.5275240199416021,6.703370284021589,0.0
50.0,0.2629224019329314,0.5665900658905666,6.706024674755032,0.0
50.0,1.5586016024933602,16.2861533101473,8.347342767394954,0.0
50.0,1.1045449018409803,9.075530503933038,7.338996454077105,0.0
50.0,0.7520447071885984,4.446704961182172,6.980565791977979,0.0
50.0,2.0358362135551036,23.881031805570558,8.781176730110335,0.0
50.0,1.599228373849731,16.955907090663814,8.279934537858642,0.0
50.0,2.0047689970410385,23.419720987101968,8.727738126221114,0.0
50.0,2.780118159734718,31.908947616847335,9.828416478723538,0.0
50.0,0.32273439880614807,0.8512060483427186,6.725426890353221,0.0
50.0,0.5329337762309501,2.2864417027477337,6.825002488486992,0.0
50.0,1.2600637736405282,11.44614019706151,7.537201121326607,0.0
50.0,1.9321335699230926,22.31585173184625,8.602467450049058,0.0
50.0,2.477504553882985,29.470535695579915,9.484836756628537,0.0
50.0,2.5980433701832957,30.598249226603915,9.64070020083573,0.0
50.0,2.510239301250353,29.796162844407085,9.52932236406827,0.0
50.0,1.831250040667673,20.73297369250253,8.428986070509053,0.0
