vz,cm,ex
32.68273590286938,0.7853981633974483,0.0
89.19372672943234,0.7853981633974483,0.0
51.26575989089079,0.7853981633974483,0.0
39.40017456252692,0.7853981633974483,0.0
12.556877555260389,0.7853981633974483,0.0
83.84855268615415,0.7853981633974483,0.0
96.39155105599362,0.7853981633974483,0.0
96.56771863218154,0.7853981633974483,0.0
14.727494765841026,0.7853981633974483,0.0
16.409863310135552,0.7853981633974483,0.0
80.78884627547828,0.7853981633974483,0.0
26.698234636637892,0.7853981633974483,0.0
66.34831657039425,0.7853981633974483,0.0
55.295638602226504,0.7853981633974483,0.0
51.58492290202242,0.7853981633974483,0.0
39.982758749316524,0.7853981633974483,0.0
31.22259046983785,0.7853981633974483,0.0
79.38334119061084,0.7853981633974483,0.0
66.3620302077146,0.7853981633974483,0.0
36.16583996080389,0.7853981633974483,0.0
44.73281086411291,0.7853981633974483,0.0
42.67502974216638,0.7853981633974483,0.0
42.18880732563354,0.7853981633974483,0.0
20.107205450955295,0.7853981633974483,0.0
97.23871145768688,0.7853981633974483,0.0
83.9361184469336,0.7853981633974483,0.0
16.145892147109034,0.7853981633974483,0.0
46.00280431151182,0.7853981633974483,0.0
87.95876349684741,0.7853981633974483,0.0
27.510430916781893,0.7853981633974483,0.0
28.101871923106806,0.7853981633974483,0.0
63.87554496263707,0.7853981633974483,0.0
10.708046417741137,0.7853981633974483,0.0
22.115978811869244,0.7853981633974483,0.0
13.439262875949993,0.7853981633974483,0.0
15.701781317457373,0.7853981633974483,0.0
90.2327781705215,0.7853981633974483,0.0
83.1186137737458,0.7853981633974483,0.0
83.13808790652472,0.7853981633974483,0.0
98.68448915459074,0.7853981633974483,0.0
58.51166866548448,0.7853981633974483,0.0
81.47517104904881,0.7853981633974483,0.0
42.0932286158049,0.7853981633974483,0.0
71.89637791054884,0.7853981633974483,0.0
33.157690304160404,0.7853981633974483,0.0
24.713206250924717,0.7853981633974483,0.0
37.465445700746905,0.7853981633974483,0.0
77.27032102788698,0.7853981633974483,0.0
38.76519420337752,0.7853981633974483,0.0
63.31066991183993,0.7853981633974483,0.0
22.524205376396935,0.7853981633974483,0.0
51.39784703920002,0.7853981633974483,0.0
19.69325214144639,0.7853981633974483,0.0
60.36950926362149,0.7853981633974483,0.0
27.14523834285872,0.7853981633974483,0.0
85.64804131206256,0.7853981633974483,0.0
78.84020311679936,0.7853981633974483,0.0
19.56279570479669,0.7853981633974483,0.0
72.91158249665746,0.7853981633974483,0.0
40.062785639416845,0.7853981633974483,0.0
89.02709497328537,0.7853981633974483,0.0
70.39539371757614,0.7853981633974483,0.0
62.92604663455638,0.7853981633974483,0.0
32.73025194766963,0.7853981633974483,0.0
15.31485865005952,0.7853981633974483,0.0
52.937828538676335,0.7853981633974483,0.0
49.08684069142447,0.7853981633974483,0.0
90.06421042709847,0.7853981633974483,0.0
50.77182003568853,0.7853981633974483,0.0
63.88751437687193,0.7853981633974483,0.0
47.4353452367067,0.7853981633974483,0.0
38.416510152427,0.7853981633974483,0.0
45.98417301114174,0.7853981633974483,0.0
58.708608812823734,0.7853981633974483,0.0
66.93195000792332,0.7853981633974483,0.0
79.46564102064247,0.7853981633974483,0.0
63.51441926315204,0.7853981633974483,0.0
25.611060867362667,0.7853981633974483,0.0
69.54676870281986,0.7853981633974483,0.0
25.191863448877825,0.7853981633974483,0.0
12.651752748377197,0.7853981633974483,0.0
96.93827898602464,0.7853981633974483,0.0
27.355330818039132,0.7853981633974483,0.0
30.666097005919568,0.7853981633974483,0.0
31.54995607370525,0.7853981633974483,0.0
97.30308467925269,0.7853981633974483,0.0
12.522062076538072,0.7853981633974483,0.0
63.27263038164612,0.7853981633974483,0.0
26.502692414250284,0.7853981633974483,0.0
25.229787154175273,0.7853981633974483,0.0
97.97819407622285,0.7853981633974483,0.0
74.74095544792672,0.7853981633974483,0.0
47.15936438254447,0.7853981633974483,0.0
25.964611762518388,0.7853981633974483,0.0
12.605571710879502,0.7853981633974483,0.0
72.43983186591186,0.7853981633974483,0.0
67.94693025156396,0.7853981633974483,0.0
12.525652719440952,0.7853981633974483,0.0
92.1515290249159,0.7853981633974483,0.0
49.770713080634934,0.7853981633974483,0.0
81.71149295829116,0.7853981633974483,0.0
75.53285522847855,0.7853981633974483,0.0
69.61200595262,0.7853981633974483,0.0
38.367706566785245,0.7853981633974483,0.0
80.37140737183908,0.7853981633974483,0.0
17.759994334163245,0.7853981633974483,0.0
60.24112016187246,0.7853981633974483,0.0
20.56349682377205,0.7853981633974483,0.0
33.94811579488412,0.7853981633974483,0.0
68.98102305719983,0.7853981633974483,0.0
29.296152003968817,0.7853981633974483,0.0
68.25417887513453,0.7853981633974483,0.0
53.36247446148546,0.7853981633974483,0.0
49.13773635986814,0.7853981633974483,0.0
74.95524847864877,0.7853981633974483,0.0
52.451356803197584,0.7853981633974483,0.0
83.02815226874827,0.7853981633974483,0.0
36.55093024887257,0.7853981633974483,0.0
85.51231000765709,0.7853981633974483,0.0
59.52374063953159,0.7853981633974483,0.0
58.492585551597955,0.7853981633974483,0.0
40.94728697364542,0.7853981633974483,0.0
79.92018943554444,0.7853981633974483,0.0
23.041833845369254,0.7853981633974483,0.0
71.23069745298325,0.7853981633974483,0.0
57.22630645602807,0.7853981633974483,0.0
27.460492939751255,0.7853981633974483,0.0
71.91551710639548,0.7853981633974483,0.0
36.85903015078292,0.7853981633974483,0.0
38.456647090216514,0.7853981633974483,0.0
88.12022537279738,0.7853981633974483,0.0
47.16430429236543,0.7853981633974483,0.0
67.51763817143403,0.7853981633974483,0.0
18.673542692977872,0.7853981633974483,0.0
62.21929574167853,0.7853981633974483,0.0
96.38311453306552,0.7853981633974483,0.0
49.53934361110893,0.7853981633974483,0.0
94.95489160748296,0.7853981633974483,0.0
17.338044069031785,0.7853981633974483,0.0
75.2309277112989,0.7853981633974483,0.0
56.49109908267806,0.7853981633974483,0.0
71.55770718479145,0.7853981633974483,0.0
11.47454575071078,0.7853981633974483,0.0
13.79154024299637,0.7853981633974483,0.0
33.917300028470905,0.7853981633974483,0.0
12.130800723985285,0.7853981633974483,0.0
84.92024169984838,0.7853981633974483,0.0
66.55172116864287,0.7853981633974483,0.0
41.263922684276984,0.7853981633974483,0.0
90.95712223550703,0.7853981633974483,0.0
88.13560409859122,0.7853981633974483,0.0
79.63356996813484,0.7853981633974483,0.0
44.777451235795205,0.7853981633974483,0.0
83.11551374044,0.7853981633974483,0.0
16.823016283235834,0.7853981633974483,0.0
69.26738875250484,0.7853981633974483,0.0
45.09212210318823,0.7853981633974483,0.0
16.046709469546936,0.7853981633974483,0.0
30.75835839074011,0.7853981633974483,0.0
67.01943673916016,0.7853981633974483,0.0
90.15109283695689,0.7853981633974483,0.0
32.633660405493664,0.7853981633974483,0.0
24.970352685980103,0.7853981633974483,0.0
76.1435042730746,0.7853981633974483,0.0
87.48498976465498,0.7853981633974483,0.0
53.821931890760865,0.7853981633974483,0.0
18.436086446941477,0.7853981633974483,0.0
16.397523375391945,0.7853981633974483,0.0
29.212640956398005,0.7853981633974483,0.0
11.246074598925421,0.7853981633974483,0.0
55.95239238046395,0.7853981633974483,0.0
14.031396961960535,0.7853981633974483,0.0
31.4489359093357,0.7853981633974483,0.0
78.42603631607307,0.7853981633974483,0.0
42.30819261568409,0.7853981633974483,0.0
46.5257908851955,0.7853981633974483,0.0
71.53056216098497,0.7853981633974483,0.0
36.304817088611564,0.7853981633974483,0.0
37.65118210783131,0.7853981633974483,0.0
49.304395171716344,0.7853981633974483,0.0
67.0507497824708,0.7853981633974483,0.0
30.186031302645336,0.7853981633974483,0.0
83.64256089722764,0.7853981633974483,0.0
25.580753386286027,0.7853981633974483,0.0
24.941860785652562,0.7853981633974483,0.0
97.98050744081856,0.7853981633974483,0.0
17.3335094809803,0.7853981633974483,0.0
12.062492885440207,0.7853981633974483,0.0
29.77044478352851,0.7853981633974483,0.0
61.38878875622356,0.7853981633974483,0.0
72.05501070121781,0.7853981633974483,0.0
29.381085640727637,0.7853981633974483,0.0
24.576152344589254,0.7853981633974483,0.0
21.855613404100158,0.7853981633974483,0.0
96.45377093902749,0.7853981633974483,0.0
79.61340306032581,0.7853981633974483,0.0
43.536084501221424,0.7853981633974483,0.0
28.77888942683133,0.7853981633974483,0.0
19.231641184971863,0.7853981633974483,0.0
39.9771377852544,0.7853981633974483,0.0
21.64743507171729,0.7853981633974483,0.0
67.59321068492814,0.7853981633974483,0.0
49.52030143454833,0.7853981633974483,0.0
45.13610470394178,0.7853981633974483,0.0
55.13755956333274,0.7853981633974483,0.0
47.24391096707411,0.7853981633974483,0.0
19.656155606040937,0.7853981633974483,0.0
21.463421210360867,0.7853981633974483,0.0
38.811805558400735,0.7853981633974483,0.0
13.376352631879874,0.7853981633974483,0.0
28.519987777989762,0.7853981633974483,0.0
23.446220350377786,0.7853981633974483,0.0
13.563894262502572,0.7853981633974483,0.0
56.84596827759866,0.7853981633974483,0.0
88.73669279029593,0.7853981633974483,0.0
10.66862985724118,0.7853981633974483,0.0
82.45204786551736,0.7853981633974483,0.0
50.0294699040546,0.7853981633974483,0.0
78.54828589795939,0.7853981633974483,0.0
33.975115836481926,0.7853981633974483,0.0
48.71976372860134,0.7853981633974483,0.0
72.33100388954038,0.7853981633974483,0.0
55.12728539051754,0.7853981633974483,0.0
96.17744620283047,0.7853981633974483,0.0
53.83239847806379,0.7853981633974483,0.0
19.513377484096022,0.7853981633974483,0.0
85.40329571274115,0.7853981633974483,0.0
87.06880538538014,0.7853981633974483,0.0
38.80548866168519,0.7853981633974483,0.0
51.53263895481391,0.7853981633974483,0.0
75.08675202826987,0.7853981633974483,0.0
20.668770039276833,0.7853981633974483,0.0
19.9639919456055,0.7853981633974483,0.0
82.36847774280623,0.7853981633974483,0.0
27.309367008890835,0.7853981633974483,0.0
49.84195865354327,0.7853981633974483,0.0
15.708781898431813,0.7853981633974483,0.0
58.3372623098137,0.7853981633974483,0.0
27.775781084357497,0.7853981633974483,0.0
58.27002977223421,0.7853981633974483,0.0
17.664693570071364,0.7853981633974483,0.0
56.522718194803815,0.7853981633974483,0.0
48.20143783992992,0.7853981633974483,0.0
21.368299189045246,0.7853981633974483,0.0
45.56719639622641,0.7853981633974483,0.0
18.84688368317719,0.7853981633974483,0.0
68.3172264768536,0.7853981633974483,0.0
15.334473722496764,0.7853981633974483,0.0
47.738804075612485,0.7853981633974483,0.0
70.0018679808697,0.7853981633974483,0.0
31.280575396352244,0.7853981633974483,0.0
13.220588620483387,0.7853981633974483,0.0
81.65227972549941,0.7853981633974483,0.0
17.535437448462538,0.7853981633974483,0.0
25.611306745551637,0.7853981633974483,0.0
61.140694496615225,0.7853981633974483,0.0
75.81181211064026,0.7853981633974483,0.0
44.01200711579404,0.7853981633974483,0.0
27.453874664325554,0.7853981633974483,0.0
78.8257065698441,0.7853981633974483,0.0
57.94024487343072,0.7853981633974483,0.0
31.66555734185297,0.7853981633974483,0.0
86.04275270297012,0.7853981633974483,0.0
74.98838293711812,0.7853981633974483,0.0
87.86126930386891,0.7853981633974483,0.0
21.04249618142942,0.7853981633974483,0.0
61.4509128493791,0.7853981633974483,0.0
50.49416176716208,0.7853981633974483,0.0
83.50633863597581,0.7853981633974483,0.0
74.25326704942911,0.7853981633974483,0.0
30.210364715782337,0.7853981633974483,0.0
72.72031507909104,0.7853981633974483,0.0
20.971928008731854,0.7853981633974483,0.0
82.50208001633594,0.7853981633974483,0.0
44.96612814624899,0.7853981633974483,0.0
17.370013063985525,0.7853981633974483,0.0
44.287424045782004,0.7853981633974483,0.0
73.57320197331403,0.7853981633974483,0.0
97.78485401406927,0.7853981633974483,0.0
67.10284260511555,0.7853981633974483,0.0
44.32869156091189,0.7853981633974483,0.0
10.645155090377228,0.7853981633974483,0.0
20.89183443324151,0.7853981633974483,0.0
43.65109683232973,0.7853981633974483,0.0
42.63843361014311,0.7853981633974483,0.0
91.7082806632364,0.7853981633974483,0.0
40.96949499395058,0.7853981633974483,0.0
68.62364710040967,0.7853981633974483,0.0
51.20504758920607,0.7853981633974483,0.0
42.80395785071181,0.7853981633974483,0.0
68.25998928885666,0.7853981633974483,0.0
65.65759562121073,0.7853981633974483,0.0
66.27477849510582,0.7853981633974483,0.0
97.02248793275395,0.7853981633974483,0.0
35.20608763371891,0.7853981633974483,0.0
70.99662115916647,0.7853981633974483,0.0
90.66027469718512,0.7853981633974483,0.0
10.33574499507786,0.7853981633974483,0.0
63.09324976042852,0.7853981633974483,0.0
32.03416273549981,0.7853981633974483,0.0
22.713115806801294,0.7853981633974483,0.0
77.01101486526626,0.7853981633974483,0.0
91.50555845324081,0.7853981633974483,0.0
88.64938210609382,0.7853981633974483,0.0
70.41961888014747,0.7853981633974483,0.0
52.281873457451596,0.7853981633974483,0.0
77.42032301789969,0.7853981633974483,0.0
70.56514883093088,0.7853981633974483,0.0
85.11496605713512,0.7853981633974483,0.0
93.61330727766068,0.7853981633974483,0.0
71.98130415563585,0.7853981633974483,0.0
56.28156356695492,0.7853981633974483,0.0
56.231696530727596,0.7853981633974483,0.0
84.41112298133972,0.7853981633974483,0.0
12.010510974459134,0.7853981633974483,0.0
30.003219154485624,0.7853981633974483,0.0
45.9005316587214,0.7853981633974483,0.0
42.805979312070754,0.7853981633974483,0.0
17.77060620048256,0.7853981633974483,0.0
45.73657693400129,0.7853981633974483,0.0
10.82150842027735,0.7853981633974483,0.0
17.849279567088818,0.7853981633974483,0.0
79.73152841779935,0.7853981633974483,0.0
78.61774303525192,0.7853981633974483,0.0
70.01419232927314,0.7853981633974483,0.0
73.23602129181751,0.7853981633974483,0.0
64.37457513962435,0.7853981633974483,0.0
32.255189045823485,0.7853981633974483,0.0
31.92572091207281,0.7853981633974483,0.0
77.39140353915506,0.7853981633974483,0.0
22.510700660837298,0.7853981633974483,0.0
33.25973729315277,0.7853981633974483,0.0
44.551253438738534,0.7853981633974483,0.0
45.682091905605354,0.7853981633974483,0.0
59.736230506724425,0.7853981633974483,0.0
52.58255688179873,0.7853981633974483,0.0
69.28599570207531,0.7853981633974483,0.0
93.86463180065921,0.7853981633974483,0.0
86.443526720578,0.7853981633974483,0.0
14.174428002403772,0.7853981633974483,0.0
81.62015168436054,0.7853981633974483,0.0
33.75516510723541,0.7853981633974483,0.0
73.37042444821259,0.7853981633974483,0.0
47.97347461604862,0.7853981633974483,0.0
10.949647993559424,0.7853981633974483,0.0
81.36722913227099,0.7853981633974483,0.0
95.9252735334882,0.7853981633974483,0.0
84.96319420756136,0.7853981633974483,0.0
18.655641382924927,0.7853981633974483,0.0
90.37014196637716,0.7853981633974483,0.0
95.53622244833385,0.7853981633974483,0.0
67.1420350254191,0.7853981633974483,0.0
26.44976929341073,0.7853981633974483,0.0
13.954704230194308,0.7853981633974483,0.0
37.81753228401733,0.7853981633974483,0.0
90.1956012389615,0.7853981633974483,0.0
71.61514691633965,0.7853981633974483,0.0
92.28482473431694,0.7853981633974483,0.0
55.86809729122438,0.7853981633974483,0.0
29.829506820129843,0.7853981633974483,0.0
79.14354079181959,0.7853981633974483,0.0
78.97925375035467,0.7853981633974483,0.0
11.439043654904587,0.7853981633974483,0.0
54.90852096766876,0.7853981633974483,0.0
71.14872295425484,0.7853981633974483,0.0
96.17364039386233,0.7853981633974483,0.0
50.830675257752475,0.7853981633974483,0.0
10.199236885405044,0.7853981633974483,0.0
29.473293351966408,0.7853981633974483,0.0
33.65976185110514,0.7853981633974483,0.0
20.442257507871766,0.7853981633974483,0.0
98.08775611508804,0.7853981633974483,0.0
17.401199323879208,0.7853981633974483,0.0
25.524361795249398,0.7853981633974483,0.0
15.546919483288287,0.7853981633974483,0.0
14.913247494892751,0.7853981633974483,0.0
75.41104607143453,0.7853981633974483,0.0
64.9381888895704,0.7853981633974483,0.0
54.72670847768319,0.7853981633974483,0.0
85.9354355700158,0.7853981633974483,0.0
77.5474444405022,0.7853981633974483,0.0
94.81877128495364,0.7853981633974483,0.0
38.06049829261016,0.7853981633974483,0.0
34.73546526235754,0.7853981633974483,0.0
93.52847040259509,0.7853981633974483,0.0
50.1166854279574,0.7853981633974483,0.0
96.77563730127376,0.7853981633974483,0.0
89.65935643922518,0.7853981633974483,0.0
94.06596550897531,0.7853981633974483,0.0
14.02910577315535,0.7853981633974483,0.0
56.001255190375,0.7853981633974483,0.0
33.746545653132394,0.7853981633974483,0.0
28.607005783730795,0.7853981633974483,0.0
79.62589803712137,0.7853981633974483,0.0
69.18631638522217,0.7853981633974483,0.0
31.899164359990447,0.7853981633974483,0.0
61.127698234522654,0.7853981633974483,0.0
81.48051418203949,0.7853981633974483,0.0
40.20079551326998,0.7853981633974483,0.0
43.418791672016255,0.7853981633974483,0.0
76.50675634874828,0.7853981633974483,0.0
71.77147438986923,0.7853981633974483,0.0
38.674009413803915,0.7853981633974483,0.0
53.79511747007584,0.7853981633974483,0.0
62.00488137714673,0.7853981633974483,0.0
64.7424032008487,0.7853981633974483,0.0
29.854741621269458,0.7853981633974483,0.0
82.80515744003348,0.7853981633974483,0.0
92.1449625205487,0.7853981633974483,0.0
23.242490978093503,0.7853981633974483,0.0
73.23787940371321,0.7853981633974483,0.0
37.49162386245185,0.7853981633974483,0.0
32.01261707175462,0.7853981633974483,0.0
84.4695927984743,0.7853981633974483,0.0
45.9852875109535,0.7853981633974483,0.0
10.644085496570552,0.7853981633974483,0.0
12.250292603753563,0.7853981633974483,0.0
43.01997261451599,0.7853981633974483,0.0
75.0378489148532,0.7853981633974483,0.0
18.851120686450958,0.7853981633974483,0.0
56.018498002921824,0.7853981633974483,0.0
51.754661222069984,0.7853981633974483,0.0
35.36320607069079,0.7853981633974483,0.0
43.832097610529516,0.7853981633974483,0.0
15.182078298193318,0.7853981633974483,0.0
44.944681467737624,0.7853981633974483,0.0
22.663264985872935,0.7853981633974483,0.0
40.62909180626852,0.7853981633974483,0.0
46.92687039577374,0.7853981633974483,0.0
46.72462344724109,0.7853981633974483,0.0
96.95704616487093,0.7853981633974483,0.0
24.6528325250958,0.7853981633974483,0.0
19.35675979942513,0.7853981633974483,0.0
53.1539586041469,0.7853981633974483,0.0
71.44570492995551,0.7853981633974483,0.0
43.22674720065475,0.7853981633974483,0.0
48.55703614080603,0.7853981633974483,0.0
59.049246052070714,0.7853981633974483,0.0
38.9905364256159,0.7853981633974483,0.0
23.766932365493208,0.7853981633974483,0.0
34.188797538556194,0.7853981633974483,0.0
57.73299021729562,0.7853981633974483,0.0
62.7461292166093,0.7853981633974483,0.0
54.798574028595446,0.7853981633974483,0.0
60.08128872388261,0.7853981633974483,0.0
54.959870909538424,0.7853981633974483,0.0
14.004988900709712,0.7853981633974483,0.0
64.24924048040386,0.7853981633974483,0.0
46.81933907924006,0.7853981633974483,0.0
71.19696524232234,0.7853981633974483,0.0
51.726041281806424,0.7853981633974483,0.0
57.217130261461676,0.7853981633974483,0.0
98.20194612308798,0.7853981633974483,0.0
50.99220440870733,0.7853981633974483,0.0
30.842673039104877,0.7853981633974483,0.0
13.654789751871194,0.7853981633974483,0.0
69.40084569803109,0.7853981633974483,0.0
85.72047444901959,0.7853981633974483,0.0
62.70946285660681,0.7853981633974483,0.0
36.508463411363905,0.7853981633974483,0.0
35.12412024007314,0.7853981633974483,0.0
59.43877023346966,0.7853981633974483,0.0
59.03902951076082,0.7853981633974483,0.0
10.115861149543571,0.7853981633974483,0.0
35.07564513752219,0.7853981633974483,0.0
17.61348825465634,0.7853981633974483,0.0
17.89490483236027,0.7853981633974483,0.0
71.13445335636824,0.7853981633974483,0.0
16.629013584461514,0.7853981633974483,0.0
80.39113745276813,0.7853981633974483,0.0
48.48477837778659,0.7853981633974483,0.0
22.126677518369974,0.7853981633974483,0.0
41.95285310848091,0.7853981633974483,0.0
53.82682503483642,0.7853981633974483,0.0
37.86291251544252,0.7853981633974483,0.0
24.04007067407518,0.7853981633974483,0.0
81.71999117291222,0.7853981633974483,0.0
20.386587755560402,0.7853981633974483,0.0
52.169079669233916,0.7853981633974483,0.0
53.714175267779574,0.7853981633974483,0.0
35.240052762768194,0.7853981633974483,0.0
78.23899503623137,0.7853981633974483,0.0
77.37504696772194,0.7853981633974483,0.0
12.980983294108952,0.7853981633974483,0.0
10.86700463975023,0.7853981633974483,0.0
22.695839411800282,0.7853981633974483,0.0
32.55675654619754,0.7853981633974483,0.0
40.19819873457588,0.7853981633974483,0.0
94.83609586262507,0.7853981633974483,0.0
46.460564506825655,0.7853981633974483,0.0
16.961692672296273,0.7853981633974483,0.0
98.390342466777,0.7853981633974483,0.0
12.142633356882593,0.7853981633974483,0.0
27.998826516606968,0.7853981633974483,0.0
97.25395708102091,0.7853981633974483,0.0
56.75505807976882,0.7853981633974483,0.0
54.894852242626335,0.7853981633974483,0.0
67.0362011233095,0.7853981633974483,0.0
11.163220803593061,0.7853981633974483,0.0
25.225461144923106,0.7853981633974483,0.0
78.36586530912926,0.7853981633974483,0.0
57.395082446974584,0.7853981633974483,0.0
18.268474065217482,0.7853981633974483,0.0
84.23608163653981,0.7853981633974483,0.0
10.172901110581865,0.7853981633974483,0.0
23.670072995485057,0.7853981633974483,0.0
11.319063891096505,0.7853981633974483,0.0
40.801820057910426,0.7853981633974483,0.0
68.41296325217822,0.7853981633974483,0.0
24.50446979718698,0.7853981633974483,0.0
12.037392524958387,0.7853981633974483,0.0
26.84841308418094,0.7853981633974483,0.0
67.44967941375022,0.7853981633974483,0.0
87.56550283842229,0.7853981633974483,0.0
52.44334751605979,0.7853981633974483,0.0
69.88352435970961,0.7853981633974483,0.0
60.190946945217235,0.7853981633974483,0.0
28.383894984457644,0.7853981633974483,0.0
74.48097401755946,0.7853981633974483,0.0
24.039304136780213,0.7853981633974483,0.0
47.14601628914993,0.7853981633974483,0.0
43.23473955758041,0.7853981633974483,0.0
71.03337281360248,0.7853981633974483,0.0
18.001017320406138,0.7853981633974483,0.0
81.4657063095337,0.7853981633974483,0.0
28.567714196924253,0.7853981633974483,0.0
28.113038269127912,0.7853981633974483,0.0
59.691596790329015,0.7853981633974483,0.0
23.25978004116805,0.7853981633974483,0.0
32.03901037107538,0.7853981633974483,0.0
41.46412944362605,0.7853981633974483,0.0
29.06375451558723,0.7853981633974483,0.0
50.93659356273159,0.7853981633974483,0.0
92.6528706384948,0.7853981633974483,0.0
23.598331942007796,0.7853981633974483,0.0
76.68811152905582,0.7853981633974483,0.0
15.322872139393903,0.7853981633974483,0.0
90.44829576318556,0.7853981633974483,0.0
48.81107550671408,0.7853981633974483,0.0
96.08052267152324,0.7853981633974483,0.0
44.127961612427285,0.7853981633974483,0.0
82.20909058016248,0.7853981633974483,0.0
78.3539286052008,0.7853981633974483,0.0
49.310354630230165,0.7853981633974483,0.0
12.987972698203114,0.7853981633974483,0.0
75.19870164646356,0.7853981633974483,0.0
60.24004599771121,0.7853981633974483,0.0
90.77216193660655,0.7853981633974483,0.0
83.43713136969909,0.7853981633974483,0.0
19.896027606253774,0.7853981633974483,0.0
22.748116816488775,0.7853981633974483,0.0
75.10426349404007,0.7853981633974483,0.0
31.05612638124579,0.7853981633974483,0.0
45.69902972229905,0.7853981633974483,0.0
50.11948781305676,0.7853981633974483,0.0
47.1821711736638,0.7853981633974483,0.0
81.3178828658603,0.7853981633974483,0.0
48.73571154756008,0.7853981633974483,0.0
94.88960054983878,0.7853981633974483,0.0
98.45146929187102,0.7853981633974483,0.0
90.89676209892595,0.7853981633974483,0.0
15.42078072910747,0.7853981633974483,0.0
38.592126066422374,0.7853981633974483,0.0
22.885563775621925,0.7853981633974483,0.0
13.893088681501094,0.7853981633974483,0.0
30.73551740895147,0.7853981633974483,0.0
35.24718401657453,0.7853981633974483,0.0
73.5498000430001,0.7853981633974483,0.0
43.60597770817927,0.7853981633974483,0.0
82.0518038181339,0.7853981633974483,0.0
54.512488475279554,0.7853981633974483,0.0
30.720818723071694,0.7853981633974483,0.0
80.35701204987254,0.7853981633974483,0.0
69.57689501558318,0.7853981633974483,0.0
57.00719393754851,0.7853981633974483,0.0
79.90991908611203,0.7853981633974483,0.0
53.20984540511264,0.7853981633974483,0.0
80.59751366001898,0.7853981633974483,0.0
55.54486173403397,0.7853981633974483,0.0
34.894463350081814,0.7853981633974483,0.0
69.68380867341624,0.7853981633974483,0.0
95.7969211694635,0.7853981633974483,0.0
17.752763133284986,0.7853981633974483,0.0
34.62383857895829,0.7853981633974483,0.0
89.40358570486016,0.7853981633974483,0.0
29.564106497482634,0.7853981633974483,0.0
77.05064904546683,0.7853981633974483,0.0
96.61878018316617,0.7853981633974483,0.0
39.672776726365655,0.7853981633974483,0.0
86.2265725748705,0.7853981633974483,0.0
32.15533185351776,0.7853981633974483,0.0
92.72051119402913,0.7853981633974483,0.0
9.824443110603704,0.7853981633974483,0.0
79.43622651516975,0.7853981633974483,0.0
93.18871401793746,0.7853981633974483,0.0
70.43043151352309,0.7853981633974483,0.0
75.90421108164185,0.7853981633974483,0.0
35.418752263364865,0.7853981633974483,0.0
60.64439762296602,0.7853981633974483,0.0
68.52783653872264,0.7853981633974483,0.0
38.888903732186975,0.7853981633974483,0.0
67.99340902981412,0.7853981633974483,0.0
19.63672867688028,0.7853981633974483,0.0
96.80498750964391,0.7853981633974483,0.0
25.980828142698343,0.7853981633974483,0.0
98.29922240423419,0.7853981633974483,0.0
78.34847564105968,0.7853981633974483,0.0
85.9674534252894,0.7853981633974483,0.0
43.33257038037353,0.7853981633974483,0.0
12.41177566698025,0.7853981633974483,0.0
82.376830006449,0.7853981633974483,0.0
96.10015444412832,0.7853981633974483,0.0
78.76886824514169,0.7853981633974483,0.0
54.809967136193336,0.7853981633974483,0.0
19.78026522818416,0.7853981633974483,0.0
35.498209146696475,0.7853981633974483,0.0
91.1477781811687,0.7853981633974483,0.0
92.95317173251587,0.7853981633974483,0.0
11.571387638299532,0.7853981633974483,0.0
68.96729516332378,0.7853981633974483,0.0
86.5873447328853,0.7853981633974483,0.0
63.22330115444674,0.7853981633974483,0.0
11.61554612510968,0.7853981633974483,0.0
23.65618203616673,0.7853981633974483,0.0
79.14803424099654,0.7853981633974483,0.0
93.39366036691919,0.7853981633974483,0.0
70.73703196028927,0.7853981633974483,0.0
77.31085635769006,0.7853981633974483,0.0
63.82954302893027,0.7853981633974483,0.0
78.76691597520762,0.7853981633974483,0.0
34.136860260849225,0.7853981633974483,0.0
46.72652088415619,0.7853981633974483,0.0
58.35017978766509,0.7853981633974483,0.0
65.08505327213048,0.7853981633974483,0.0
67.87501828510142,0.7853981633974483,0.0
35.99347035580589,0.7853981633974483,0.0
37.65367254546121,0.7853981633974483,0.0
84.4043948771211,0.7853981633974483,0.0
35.23887563688971,0.7853981633974483,0.0
81.63735992276804,0.7853981633974483,0.0
78.86539058344736,0.7853981633974483,0.0
88.06843303678845,0.7853981633974483,0.0
27.204238719782765,0.7853981633974483,0.0
73.56021641993655,0.7853981633974483,0.0
95.62566288884668,0.7853981633974483,0.0
24.87500261613059,0.7853981633974483,0.0
59.12959669849335,0.7853981633974483,0.0
35.55017830715673,0.7853981633974483,0.0
82.26280365590681,0.7853981633974483,0.0
53.20450642205242,0.7853981633974483,0.0
97.23763510255206,0.7853981633974483,0.0
34.86494183128731,0.7853981633974483,0.0
11.637653512342231,0.7853981633974483,0.0
55.659286866800834,0.7853981633974483,0.0
76.9150796231274,0.7853981633974483,0.0
87.4110335493111,0.7853981633974483,0.0
94.89886029388495,0.7853981633974483,0.0
59.58404449862464,0.7853981633974483,0.0
50.01278997489153,0.7853981633974483,0.0
38.286230801299276,0.7853981633974483,0.0
52.84249751221692,0.7853981633974483,0.0
32.37545283010081,0.7853981633974483,0.0
47.4035356583157,0.7853981633974483,0.0
83.29809343749943,0.7853981633974483,0.0
80.70296028196555,0.7853981633974483,0.0
91.07330951039977,0.7853981633974483,0.0
23.74730024266617,0.7853981633974483,0.0
30.162530917579822,0.7853981633974483,0.0
62.23649154602714,0.7853981633974483,0.0
59.01982120147063,0.7853981633974483,0.0
86.38471101318638,0.7853981633974483,0.0
73.6348067825431,0.7853981633974483,0.0
60.33319266368383,0.7853981633974483,0.0
71.93177583192534,0.7853981633974483,0.0
43.27607749545729,0.7853981633974483,0.0
24.82518000666552,0.7853981633974483,0.0
29.617935407546014,0.7853981633974483,0.0
89.56442949273874,0.7853981633974483,0.0
22.692607775285886,0.7853981633974483,0.0
15.303979663161464,0.7853981633974483,0.0
83.06455828468076,0.7853981633974483,0.0
41.70786710779463,0.7853981633974483,0.0
15.371113924476301,0.7853981633974483,0.0
26.67763854540038,0.7853981633974483,0.0
69.31235004763982,0.7853981633974483,0.0
53.74140777400114,0.7853981633974483,0.0
57.89498180443144,0.7853981633974483,0.0
19.80652583490766,0.7853981633974483,0.0
57.82160557995832,0.7853981633974483,0.0
68.80627862893178,0.7853981633974483,0.0
9.783029022946693,0.7853981633974483,0.0
26.61316886253082,0.7853981633974483,0.0
29.991943029111507,0.7853981633974483,0.0
91.42720157229546,0.7853981633974483,0.0
17.669230546790544,0.7853981633974483,0.0
87.11253376370382,0.7853981633974483,0.0
29.548734304994436,0.7853981633974483,0.0
15.8721556440147,0.7853981633974483,0.0
64.03438071806735,0.7853981633974483,0.0
95.93543204403679,0.7853981633974483,0.0
11.679727100226835,0.7853981633974483,0.0
43.35628190123938,0.7853981633974483,0.0
80.37772858851775,0.7853981633974483,0.0
67.29150040017501,0.7853981633974483,0.0
30.42422622111176,0.7853981633974483,0.0
50.239501840806206,0.7853981633974483,0.0
23.54108763948767,0.7853981633974483,0.0
32.580505124349585,0.7853981633974483,0.0
10.242140123966044,0.7853981633974483,0.0
48.152459881735226,0.7853981633974483,0.0
54.87390022401416,0.7853981633974483,0.0
47.06756036182652,0.7853981633974483,0.0
13.329697341477686,0.7853981633974483,0.0
24.81234242282484,0.7853981633974483,0.0
75.13218860542725,0.7853981633974483,0.0
56.78233860220147,0.7853981633974483,0.0
60.383220284383185,0.7853981633974483,0.0
21.59357151812932,0.7853981633974483,0.0
29.110637392988266,0.7853981633974483,0.0
29.9443177580813,0.7853981633974483,0.0
84.78945893372101,0.7853981633974483,0.0
28.991272700244366,0.7853981633974483,0.0
87.18954573367446,0.7853981633974483,0.0
47.50044753548021,0.7853981633974483,0.0
46.530891932055596,0.7853981633974483,0.0
23.673276092902714,0.7853981633974483,0.0
24.51046349256283,0.7853981633974483,0.0
27.294767195953916,0.7853981633974483,0.0
69.1033405657553,0.7853981633974483,0.0
12.496458085905836,0.7853981633974483,0.0
79.42449417565987,0.7853981633974483,0.0
56.91131170050505,0.7853981633974483,0.0
59.40179826938923,0.7853981633974483,0.0
97.55445264359088,0.7853981633974483,0.0
29.42385413746413,0.7853981633974483,0.0
79.5235876303989,0.7853981633974483,0.0
70.22872189588527,0.7853981633974483,0.0
69.41795409316148,0.7853981633974483,0.0
63.58982517666525,0.7853981633974483,0.0
66.16321762052873,0.7853981633974483,0.0
41.92286393229852,0.7853981633974483,0.0
98.37524383799592,0.7853981633974483,0.0
69.7385989039481,0.7853981633974483,0.0
13.060992074359266,0.7853981633974483,0.0
42.658842106278065,0.7853981633974483,0.0
94.99095020692077,0.7853981633974483,0.0
88.00469804772406,0.7853981633974483,0.0
77.27422588372745,0.7853981633974483,0.0
55.81287187385996,0.7853981633974483,0.0
66.15365834694973,0.7853981633974483,0.0
19.762126856249928,0.7853981633974483,0.0
43.20442921454777,0.7853981633974483,0.0
53.86059534065129,0.7853981633974483,0.0
24.75353044234563,0.7853981633974483,0.0
34.428305213753596,0.7853981633974483,0.0
11.141225006497791,0.7853981633974483,0.0
66.99691029512685,0.7853981633974483,0.0
28.73644981089595,0.7853981633974483,0.0
12.783878812903831,0.7853981633974483,0.0
15.341882207823938,0.7853981633974483,0.0
51.35534867537689,0.7853981633974483,0.0
47.569110127877046,0.7853981633974483,0.0
18.875504236701342,0.7853981633974483,0.0
41.492580508435275,0.7853981633974483,0.0
38.483680889526184,0.7853981633974483,0.0
67.59813940494118,0.7853981633974483,0.0
14.133849181743278,0.7853981633974483,0.0
92.98507059823518,0.7853981633974483,0.0
68.97004783008141,0.7853981633974483,0.0
65.48388823210948,0.7853981633974483,0.0
35.84644741314755,0.7853981633974483,0.0
34.282169689204565,0.7853981633974483,0.0
34.42381564840709,0.7853981633974483,0.0
21.343135010527597,0.7853981633974483,0.0
97.60996311039365,0.7853981633974483,0.0
86.28953294260764,0.7853981633974483,0.0
86.67534251188074,0.7853981633974483,0.0
34.812933568274005,0.7853981633974483,0.0
54.64479918970908,0.7853981633974483,0.0
95.37177244997439,0.7853981633974483,0.0
33.962995277877106,0.7853981633974483,0.0
27.89125146074198,0.7853981633974483,0.0
85.65839929640839,0.7853981633974483,0.0
67.85047583386299,0.7853981633974483,0.0
44.131452229736716,0.7853981633974483,0.0
19.07143402789902,0.7853981633974483,0.0
76.8621365452547,0.7853981633974483,0.0
18.51788454756296,0.7853981633974483,0.0
94.05546198562531,0.7853981633974483,0.0
77.54284754362075,0.7853981633974483,0.0
94.81238958907805,0.7853981633974483,0.0
76.5694726220735,0.7853981633974483,0.0
97.13525991485801,0.7853981633974483,0.0
91.57264562993085,0.7853981633974483,0.0
70.41778989492984,0.7853981633974483,0.0
91.41068300490207,0.7853981633974483,0.0
58.720395558528544,0.7853981633974483,0.0
42.010063846489466,0.7853981633974483,0.0
22.134859412304728,0.7853981633974483,0.0
86.95734581946515,0.7853981633974483,0.0
59.45074844621319,0.7853981633974483,0.0
9.984341572045174,0.7853981633974483,0.0
57.62778903639139,0.7853981633974483,0.0
52.843111732178464,0.7853981633974483,0.0
97.27809638963402,0.7853981633974483,0.0
33.6258616559583,0.7853981633974483,0.0
44.65889829256896,0.7853981633974483,0.0
84.47584312836267,0.7853981633974483,0.0
20.483786536201677,0.7853981633974483,0.0
53.41154182024683,0.7853981633974483,0.0
36.67020680718597,0.7853981633974483,0.0
80.09118483934233,0.7853981633974483,0.0
97.7163303541682,0.7853981633974483,0.0
39.228024443740416,0.7853981633974483,0.0
80.00347131677331,0.7853981633974483,0.0
21.89984361123906,0.7853981633974483,0.0
25.266624519487834,0.7853981633974483,0.0
86.51363752616436,0.7853981633974483,0.0
84.78670529935944,0.7853981633974483,0.0
69.75757695196242,0.7853981633974483,0.0
20.637044877076303,0.7853981633974483,0.0
38.546550758615496,0.7853981633974483,0.0
82.03541943966853,0.7853981633974483,0.0
91.19033793920855,0.7853981633974483,0.0
46.962716961416376,0.7853981633974483,0.0
67.83545194056376,0.7853981633974483,0.0
91.14030454605737,0.7853981633974483,0.0
52.53298714941656,0.7853981633974483,0.0
90.78046872115503,0.7853981633974483,0.0
29.151787735340452,0.7853981633974483,0.0
43.26330765773371,0.7853981633974483,0.0
92.71592612151777,0.7853981633974483,0.0
66.85071571335989,0.7853981633974483,0.0
89.27298667699246,0.7853981633974483,0.0
73.85414844021183,0.7853981633974483,0.0
10.653337242617102,0.7853981633974483,0.0
74.33539942352374,0.7853981633974483,0.0
20.11828935143915,0.7853981633974483,0.0
53.05707043002034,0.7853981633974483,0.0
10.761368888364498,0.7853981633974483,0.0
82.324039848044,0.7853981633974483,0.0
34.88076749428669,0.7853981633974483,0.0
21.67070312717296,0.7853981633974483,0.0
75.70396037052068,0.7853981633974483,0.0
77.98297657270192,0.7853981633974483,0.0
33.899599833746436,0.7853981633974483,0.0
77.24937971239454,0.7853981633974483,0.0
15.670711697960721,0.7853981633974483,0.0
27.31525395470031,0.7853981633974483,0.0
55.128275790954135,0.7853981633974483,0.0
94.77511937143379,0.7853981633974483,0.0
33.593763643134444,0.7853981633974483,0.0
11.363604375135347,0.7853981633974483,0.0
17.45400422459733,0.7853981633974483,0.0
10.07873323553845,0.7853981633974483,0.0
21.818786241732912,0.7853981633974483,0.0
32.3011371777248,0.7853981633974483,0.0
45.717300413594934,0.7853981633974483,0.0
96.72552294690357,0.7853981633974483,0.0
62.15764738007021,0.7853981633974483,0.0
41.17136557074089,0.7853981633974483,0.0
41.37447321785204,0.7853981633974483,0.0
82.05041895904593,0.7853981633974483,0.0
15.248135387112548,0.7853981633974483,0.0
20.184985316818143,0.7853981633974483,0.0
25.557535266040748,0.7853981633974483,0.0
52.379913218641974,0.7853981633974483,0.0
34.02011766832211,0.7853981633974483,0.0
84.60782831800843,0.7853981633974483,0.0
79.4244291592303,0.7853981633974483,0.0
34.98286461146949,0.7853981633974483,0.0
33.70675893282188,0.7853981633974483,0.0
94.2158580606682,0.7853981633974483,0.0
98.68397516668642,0.7853981633974483,0.0
59.80355450478736,0.7853981633974483,0.0
47.68464217825663,0.7853981633974483,0.0
10.478138746783356,0.7853981633974483,0.0
85.50022614190348,0.7853981633974483,0.0
92.56543761088271,0.7853981633974483,0.0
66.97272944453047,0.7853981633974483,0.0
86.58945897290356,0.7853981633974483,0.0
53.621824220837574,0.7853981633974483,0.0
37.75223337980587,0.7853981633974483,0.0
20.588654384954918,0.7853981633974483,0.0
94.77157883959477,0.7853981633974483,0.0
60.935167717968575,0.7853981633974483,0.0
75.9102151931036,0.7853981633974483,0.0
